INSERT INTO curso_ecommerce.tb_departamento( codigo_departamento, descricao_departamento ) VALUES ( 1, 'Eletrônicos');
INSERT INTO curso_ecommerce.tb_departamento( codigo_departamento, descricao_departamento ) VALUES ( 2, 'Informática');
INSERT INTO curso_ecommerce.tb_departamento( codigo_departamento, descricao_departamento ) VALUES ( 3, 'Celulares');
INSERT INTO curso_ecommerce.tb_departamento( codigo_departamento, descricao_departamento ) VALUES ( 4, 'Eletrodomésticos');
INSERT INTO curso_ecommerce.tb_departamento( codigo_departamento, descricao_departamento ) VALUES ( 5, 'Móveis');
INSERT INTO curso_ecommerce.tb_departamento( codigo_departamento, descricao_departamento ) VALUES ( 6, 'Decoração');
INSERT INTO curso_ecommerce.tb_departamento( codigo_departamento, descricao_departamento ) VALUES ( 7, 'Esportes');
INSERT INTO curso_ecommerce.tb_departamento( codigo_departamento, descricao_departamento ) VALUES ( 8, 'Brinquedos');
INSERT INTO curso_ecommerce.tb_departamento( codigo_departamento, descricao_departamento ) VALUES ( 9, 'Livros');
INSERT INTO curso_ecommerce.tb_departamento( codigo_departamento, descricao_departamento ) VALUES ( 10, 'Moda');
INSERT INTO curso_ecommerce.tb_endereco( codigo_endereco, logradouro, numero, complemento, bairro, cidade, estado, cep ) VALUES ( 1, 'Rua das Flores', '123', 'Apto 101', 'Centro', 'São Paulo', 'SP', '01001000');
INSERT INTO curso_ecommerce.tb_endereco( codigo_endereco, logradouro, numero, complemento, bairro, cidade, estado, cep ) VALUES ( 2, 'Avenida Paulista', '1500', 'Sala 203', 'Bela Vista', 'São Paulo', 'SP', '01310200');
INSERT INTO curso_ecommerce.tb_endereco( codigo_endereco, logradouro, numero, complemento, bairro, cidade, estado, cep ) VALUES ( 3, 'Rua Augusta', '789', 'Bloco B', 'Consolação', 'São Paulo', 'SP', '01305000');
INSERT INTO curso_ecommerce.tb_endereco( codigo_endereco, logradouro, numero, complemento, bairro, cidade, estado, cep ) VALUES ( 4, 'Alameda Santos', '456', 'Conj 45', 'Cerqueira César', 'São Paulo', 'SP', '01419000');
INSERT INTO curso_ecommerce.tb_endereco( codigo_endereco, logradouro, numero, complemento, bairro, cidade, estado, cep ) VALUES ( 5, 'Rua Oscar Freire', '870', null, 'Jardim Paulista', 'São Paulo', 'SP', '01426000');
INSERT INTO curso_ecommerce.tb_endereco( codigo_endereco, logradouro, numero, complemento, bairro, cidade, estado, cep ) VALUES ( 6, 'Avenida Rebouças', '1234', 'Sala 501', 'Pinheiros', 'São Paulo', 'SP', '05402000');
INSERT INTO curso_ecommerce.tb_endereco( codigo_endereco, logradouro, numero, complemento, bairro, cidade, estado, cep ) VALUES ( 7, 'Rua Haddock Lobo', '355', 'Apto 72', 'Cerqueira César', 'São Paulo', 'SP', '01414000');
INSERT INTO curso_ecommerce.tb_endereco( codigo_endereco, logradouro, numero, complemento, bairro, cidade, estado, cep ) VALUES ( 8, 'Avenida Brigadeiro Faria Lima', '2170', null, 'Jardim Paulistano', 'São Paulo', 'SP', '01451000');
INSERT INTO curso_ecommerce.tb_endereco( codigo_endereco, logradouro, numero, complemento, bairro, cidade, estado, cep ) VALUES ( 9, 'Rua Pamplona', '1005', 'Conj 51', 'Jardim Paulista', 'São Paulo', 'SP', '01405000');
INSERT INTO curso_ecommerce.tb_endereco( codigo_endereco, logradouro, numero, complemento, bairro, cidade, estado, cep ) VALUES ( 10, 'Alameda Jaú', '384', 'Apto 103', 'Jardim Paulista', 'São Paulo', 'SP', '01420000');
INSERT INTO curso_ecommerce.tb_endereco( codigo_endereco, logradouro, numero, complemento, bairro, cidade, estado, cep ) VALUES ( 11, 'Rua Bela Cintra', '1200', 'Sala A', 'Consolação', 'São Paulo', 'SP', '01415000');
INSERT INTO curso_ecommerce.tb_endereco( codigo_endereco, logradouro, numero, complemento, bairro, cidade, estado, cep ) VALUES ( 12, 'Avenida Nove de Julho', '3000', null, 'Jardim Paulista', 'São Paulo', 'SP', '01407000');
INSERT INTO curso_ecommerce.tb_endereco( codigo_endereco, logradouro, numero, complemento, bairro, cidade, estado, cep ) VALUES ( 13, 'Rua da Consolação', '2500', 'Andar 5', 'Consolação', 'São Paulo', 'SP', '01301000');
INSERT INTO curso_ecommerce.tb_endereco( codigo_endereco, logradouro, numero, complemento, bairro, cidade, estado, cep ) VALUES ( 14, 'Avenida Angélica', '1800', 'Casa 2', 'Higienópolis', 'São Paulo', 'SP', '01228000');
INSERT INTO curso_ecommerce.tb_endereco( codigo_endereco, logradouro, numero, complemento, bairro, cidade, estado, cep ) VALUES ( 15, 'Rua Consolação', '1690', 'Apto 42', 'Consolação', 'São Paulo', 'SP', '01301000');
INSERT INTO curso_ecommerce.tb_endereco( codigo_endereco, logradouro, numero, complemento, bairro, cidade, estado, cep ) VALUES ( 16, 'Avenida Ipiranga', '800', null, 'República', 'São Paulo', 'SP', '01040000');
INSERT INTO curso_ecommerce.tb_endereco( codigo_endereco, logradouro, numero, complemento, bairro, cidade, estado, cep ) VALUES ( 17, 'Rua Xavier de Toledo', '120', 'Conj 1001', 'República', 'São Paulo', 'SP', '01048000');
INSERT INTO curso_ecommerce.tb_endereco( codigo_endereco, logradouro, numero, complemento, bairro, cidade, estado, cep ) VALUES ( 18, 'Rua 25 de Março', '950', 'Loja 10', 'Centro', 'São Paulo', 'SP', '01021000');
INSERT INTO curso_ecommerce.tb_endereco( codigo_endereco, logradouro, numero, complemento, bairro, cidade, estado, cep ) VALUES ( 19, 'Avenida São João', '1500', 'Sala 205', 'Centro', 'São Paulo', 'SP', '01036000');
INSERT INTO curso_ecommerce.tb_endereco( codigo_endereco, logradouro, numero, complemento, bairro, cidade, estado, cep ) VALUES ( 20, 'Rua dos Pinheiros', '383', 'Casa Fundos', 'Pinheiros', 'São Paulo', 'SP', '05422000');
INSERT INTO curso_ecommerce.tb_endereco( codigo_endereco, logradouro, numero, complemento, bairro, cidade, estado, cep ) VALUES ( 21, 'Avenida Santo Amaro', '1400', null, 'Vila Nova Conceição', 'São Paulo', 'SP', '04506000');
INSERT INTO curso_ecommerce.tb_endereco( codigo_endereco, logradouro, numero, complemento, bairro, cidade, estado, cep ) VALUES ( 22, 'Rua Joaquim Floriano', '466', 'Conj 1104', 'Itaim Bibi', 'São Paulo', 'SP', '04534000');
INSERT INTO curso_ecommerce.tb_endereco( codigo_endereco, logradouro, numero, complemento, bairro, cidade, estado, cep ) VALUES ( 23, 'Avenida Cidade Jardim', '400', 'Sala 503', 'Jardim Europa', 'São Paulo', 'SP', '01454000');
INSERT INTO curso_ecommerce.tb_endereco( codigo_endereco, logradouro, numero, complemento, bairro, cidade, estado, cep ) VALUES ( 24, 'Rua Padre João Manuel', '755', 'Apto 81', 'Cerqueira César', 'São Paulo', 'SP', '01411000');
INSERT INTO curso_ecommerce.tb_endereco( codigo_endereco, logradouro, numero, complemento, bairro, cidade, estado, cep ) VALUES ( 25, 'Avenida Europa', '158', null, 'Jardim Europa', 'São Paulo', 'SP', '01449000');
INSERT INTO curso_ecommerce.tb_endereco( codigo_endereco, logradouro, numero, complemento, bairro, cidade, estado, cep ) VALUES ( 26, 'Rua Amauri', '300', 'Sala 702', 'Jardim Europa', 'São Paulo', 'SP', '01448000');
INSERT INTO curso_ecommerce.tb_endereco( codigo_endereco, logradouro, numero, complemento, bairro, cidade, estado, cep ) VALUES ( 27, 'Alameda Gabriel Monteiro da Silva', '1356', 'Casa A', 'Jardim América', 'São Paulo', 'SP', '01441000');
INSERT INTO curso_ecommerce.tb_endereco( codigo_endereco, logradouro, numero, complemento, bairro, cidade, estado, cep ) VALUES ( 28, 'Rua Colômbia', '420', null, 'Jardim América', 'São Paulo', 'SP', '01438000');
INSERT INTO curso_ecommerce.tb_endereco( codigo_endereco, logradouro, numero, complemento, bairro, cidade, estado, cep ) VALUES ( 29, 'Avenida Brasil', '731', 'Apto 104', 'Jardim América', 'São Paulo', 'SP', '01431000');
INSERT INTO curso_ecommerce.tb_endereco( codigo_endereco, logradouro, numero, complemento, bairro, cidade, estado, cep ) VALUES ( 30, 'Rua Augusta', '2300', 'Conj 45', 'Jardim América', 'São Paulo', 'SP', '01412000');
INSERT INTO curso_ecommerce.tb_endereco( codigo_endereco, logradouro, numero, complemento, bairro, cidade, estado, cep ) VALUES ( 31, 'Avenida Atlântica', '1500', 'Apto 1201', 'Copacabana', 'Rio de Janeiro', 'RJ', '22021000');
INSERT INTO curso_ecommerce.tb_endereco( codigo_endereco, logradouro, numero, complemento, bairro, cidade, estado, cep ) VALUES ( 32, 'Rua Visconde de Pirajá', '550', 'Sala 302', 'Ipanema', 'Rio de Janeiro', 'RJ', '22410000');
INSERT INTO curso_ecommerce.tb_endereco( codigo_endereco, logradouro, numero, complemento, bairro, cidade, estado, cep ) VALUES ( 33, 'Avenida Vieira Souto', '100', 'Apto 801', 'Ipanema', 'Rio de Janeiro', 'RJ', '22420000');
INSERT INTO curso_ecommerce.tb_endereco( codigo_endereco, logradouro, numero, complemento, bairro, cidade, estado, cep ) VALUES ( 34, 'Rua Barata Ribeiro', '380', 'Bloco C', 'Copacabana', 'Rio de Janeiro', 'RJ', '22040000');
INSERT INTO curso_ecommerce.tb_endereco( codigo_endereco, logradouro, numero, complemento, bairro, cidade, estado, cep ) VALUES ( 35, 'Avenida Nossa Senhora de Copacabana', '1200', null, 'Copacabana', 'Rio de Janeiro', 'RJ', '22070000');
INSERT INTO curso_ecommerce.tb_endereco( codigo_endereco, logradouro, numero, complemento, bairro, cidade, estado, cep ) VALUES ( 36, 'Rua Tonelero', '200', 'Apto 502', 'Copacabana', 'Rio de Janeiro', 'RJ', '22030000');
INSERT INTO curso_ecommerce.tb_endereco( codigo_endereco, logradouro, numero, complemento, bairro, cidade, estado, cep ) VALUES ( 37, 'Avenida Bartolomeu Mitre', '450', 'Sala 305', 'Leblon', 'Rio de Janeiro', 'RJ', '22431000');
INSERT INTO curso_ecommerce.tb_endereco( codigo_endereco, logradouro, numero, complemento, bairro, cidade, estado, cep ) VALUES ( 38, 'Rua Dias Ferreira', '200', null, 'Leblon', 'Rio de Janeiro', 'RJ', '22431000');
INSERT INTO curso_ecommerce.tb_endereco( codigo_endereco, logradouro, numero, complemento, bairro, cidade, estado, cep ) VALUES ( 39, 'Avenida Epitácio Pessoa', '2900', 'Apto 1001', 'Lagoa', 'Rio de Janeiro', 'RJ', '22471000');
INSERT INTO curso_ecommerce.tb_endereco( codigo_endereco, logradouro, numero, complemento, bairro, cidade, estado, cep ) VALUES ( 40, 'Rua Voluntários da Pátria', '340', 'Casa 2', 'Botafogo', 'Rio de Janeiro', 'RJ', '22270000');
INSERT INTO curso_ecommerce.tb_endereco( codigo_endereco, logradouro, numero, complemento, bairro, cidade, estado, cep ) VALUES ( 41, 'Avenida Pasteur', '150', 'Apto 504', 'Botafogo', 'Rio de Janeiro', 'RJ', '22290000');
INSERT INTO curso_ecommerce.tb_endereco( codigo_endereco, logradouro, numero, complemento, bairro, cidade, estado, cep ) VALUES ( 42, 'Rua São Clemente', '200', null, 'Botafogo', 'Rio de Janeiro', 'RJ', '22260000');
INSERT INTO curso_ecommerce.tb_endereco( codigo_endereco, logradouro, numero, complemento, bairro, cidade, estado, cep ) VALUES ( 43, 'Avenida Rio Branco', '115', 'Sala 1005', 'Centro', 'Rio de Janeiro', 'RJ', '20040000');
INSERT INTO curso_ecommerce.tb_endereco( codigo_endereco, logradouro, numero, complemento, bairro, cidade, estado, cep ) VALUES ( 44, 'Rua do Ouvidor', '50', 'Loja A', 'Centro', 'Rio de Janeiro', 'RJ', '20040000');
INSERT INTO curso_ecommerce.tb_endereco( codigo_endereco, logradouro, numero, complemento, bairro, cidade, estado, cep ) VALUES ( 45, 'Avenida Presidente Vargas', '1000', 'Conj 1508', 'Centro', 'Rio de Janeiro', 'RJ', '20071000');
INSERT INTO curso_ecommerce.tb_endereco( codigo_endereco, logradouro, numero, complemento, bairro, cidade, estado, cep ) VALUES ( 46, 'Rua Senador Dantas', '74', 'Sala 802', 'Centro', 'Rio de Janeiro', 'RJ', '20031000');
INSERT INTO curso_ecommerce.tb_endereco( codigo_endereco, logradouro, numero, complemento, bairro, cidade, estado, cep ) VALUES ( 47, 'Avenida Almirante Barroso', '91', 'Andar 15', 'Centro', 'Rio de Janeiro', 'RJ', '20031000');
INSERT INTO curso_ecommerce.tb_endereco( codigo_endereco, logradouro, numero, complemento, bairro, cidade, estado, cep ) VALUES ( 48, 'Rua México', '31', 'Conj 1201', 'Centro', 'Rio de Janeiro', 'RJ', '20031000');
INSERT INTO curso_ecommerce.tb_endereco( codigo_endereco, logradouro, numero, complemento, bairro, cidade, estado, cep ) VALUES ( 49, 'Avenida Lauro Sodré', '445', null, 'Botafogo', 'Rio de Janeiro', 'RJ', '22290000');
INSERT INTO curso_ecommerce.tb_endereco( codigo_endereco, logradouro, numero, complemento, bairro, cidade, estado, cep ) VALUES ( 50, 'Rua da Assembléia', '10', 'Sala 4001', 'Centro', 'Rio de Janeiro', 'RJ', '20011000');
INSERT INTO curso_ecommerce.tb_endereco( codigo_endereco, logradouro, numero, complemento, bairro, cidade, estado, cep ) VALUES ( 51, 'Avenida das Américas', '4666', 'Bloco 1', 'Barra da Tijuca', 'Rio de Janeiro', 'RJ', '22640000');
INSERT INTO curso_ecommerce.tb_endereco( codigo_endereco, logradouro, numero, complemento, bairro, cidade, estado, cep ) VALUES ( 52, 'Rua Ministro Viveiros de Castro', '72', 'Apto 804', 'Copacabana', 'Rio de Janeiro', 'RJ', '22021000');
INSERT INTO curso_ecommerce.tb_endereco( codigo_endereco, logradouro, numero, complemento, bairro, cidade, estado, cep ) VALUES ( 53, 'Rua Sete de Setembro', '93', 'Loja B', 'Centro', 'Rio de Janeiro', 'RJ', '20050000');
INSERT INTO curso_ecommerce.tb_endereco( codigo_endereco, logradouro, numero, complemento, bairro, cidade, estado, cep ) VALUES ( 54, 'Rua do Passeio', '42', 'Sala 602', 'Centro', 'Rio de Janeiro', 'RJ', '20021000');
INSERT INTO curso_ecommerce.tb_endereco( codigo_endereco, logradouro, numero, complemento, bairro, cidade, estado, cep ) VALUES ( 55, 'Avenida Ataulfo de Paiva', '1079', 'Conj 301', 'Leblon', 'Rio de Janeiro', 'RJ', '22440000');
INSERT INTO curso_ecommerce.tb_endereco( codigo_endereco, logradouro, numero, complemento, bairro, cidade, estado, cep ) VALUES ( 56, 'Rua da Quitanda', '86', null, 'Centro', 'Rio de Janeiro', 'RJ', '20091000');
INSERT INTO curso_ecommerce.tb_endereco( codigo_endereco, logradouro, numero, complemento, bairro, cidade, estado, cep ) VALUES ( 57, 'Avenida Rio Branco', '156', 'Sala 3105', 'Centro', 'Rio de Janeiro', 'RJ', '20040000');
INSERT INTO curso_ecommerce.tb_endereco( codigo_endereco, logradouro, numero, complemento, bairro, cidade, estado, cep ) VALUES ( 58, 'Rua Pacheco Leão', '724', 'Casa 3', 'Jardim Botânico', 'Rio de Janeiro', 'RJ', '22460000');
INSERT INTO curso_ecommerce.tb_endereco( codigo_endereco, logradouro, numero, complemento, bairro, cidade, estado, cep ) VALUES ( 59, 'Avenida Rodrigo Otávio', '418', null, 'Gávea', 'Rio de Janeiro', 'RJ', '22450000');
INSERT INTO curso_ecommerce.tb_endereco( codigo_endereco, logradouro, numero, complemento, bairro, cidade, estado, cep ) VALUES ( 60, 'Rua Barão da Torre', '240', 'Apto 602', 'Ipanema', 'Rio de Janeiro', 'RJ', '22411000');
INSERT INTO curso_ecommerce.tb_endereco( codigo_endereco, logradouro, numero, complemento, bairro, cidade, estado, cep ) VALUES ( 61, 'Rua dos Andradas', '29', 'Loja 3', 'Centro', 'Belo Horizonte', 'MG', '30120000');
INSERT INTO curso_ecommerce.tb_endereco( codigo_endereco, logradouro, numero, complemento, bairro, cidade, estado, cep ) VALUES ( 62, 'Avenida Afonso Pena', '1500', 'Sala 1205', 'Centro', 'Belo Horizonte', 'MG', '30130000');
INSERT INTO curso_ecommerce.tb_endereco( codigo_endereco, logradouro, numero, complemento, bairro, cidade, estado, cep ) VALUES ( 63, 'Rua da Bahia', '570', 'Conj 908', 'Centro', 'Belo Horizonte', 'MG', '30160000');
INSERT INTO curso_ecommerce.tb_endereco( codigo_endereco, logradouro, numero, complemento, bairro, cidade, estado, cep ) VALUES ( 64, 'Avenida Amazonas', '311', null, 'Centro', 'Belo Horizonte', 'MG', '30180000');
INSERT INTO curso_ecommerce.tb_endereco( codigo_endereco, logradouro, numero, complemento, bairro, cidade, estado, cep ) VALUES ( 65, 'Rua Rio de Janeiro', '471', 'Sala 602', 'Centro', 'Belo Horizonte', 'MG', '30160000');
INSERT INTO curso_ecommerce.tb_endereco( codigo_endereco, logradouro, numero, complemento, bairro, cidade, estado, cep ) VALUES ( 66, 'Avenida do Contorno', '2316', 'Apto 1001', 'Floresta', 'Belo Horizonte', 'MG', '30110000');
INSERT INTO curso_ecommerce.tb_endereco( codigo_endereco, logradouro, numero, complemento, bairro, cidade, estado, cep ) VALUES ( 67, 'Rua Sergipe', '1167', 'Sala 202', 'Savassi', 'Belo Horizonte', 'MG', '30130000');
INSERT INTO curso_ecommerce.tb_endereco( codigo_endereco, logradouro, numero, complemento, bairro, cidade, estado, cep ) VALUES ( 68, 'Avenida Brasil', '1438', null, 'Santa Efigênia', 'Belo Horizonte', 'MG', '30140000');
INSERT INTO curso_ecommerce.tb_endereco( codigo_endereco, logradouro, numero, complemento, bairro, cidade, estado, cep ) VALUES ( 69, 'Rua Pernambuco', '747', 'Conj 801', 'Savassi', 'Belo Horizonte', 'MG', '30130000');
INSERT INTO curso_ecommerce.tb_endereco( codigo_endereco, logradouro, numero, complemento, bairro, cidade, estado, cep ) VALUES ( 70, 'Avenida Getúlio Vargas', '1300', 'Apto 502', 'Savassi', 'Belo Horizonte', 'MG', '30112000');
INSERT INTO curso_ecommerce.tb_endereco( codigo_endereco, logradouro, numero, complemento, bairro, cidade, estado, cep ) VALUES ( 71, 'Rua dos Timbiras', '1532', 'Sala 405', 'Lourdes', 'Belo Horizonte', 'MG', '30140000');
INSERT INTO curso_ecommerce.tb_endereco( codigo_endereco, logradouro, numero, complemento, bairro, cidade, estado, cep ) VALUES ( 72, 'Avenida Nossa Senhora do Carmo', '800', null, 'Sion', 'Belo Horizonte', 'MG', '30310000');
INSERT INTO curso_ecommerce.tb_endereco( codigo_endereco, logradouro, numero, complemento, bairro, cidade, estado, cep ) VALUES ( 73, 'Rua Fernandes Tourinho', '147', 'Sala 1201', 'Savassi', 'Belo Horizonte', 'MG', '30112000');
INSERT INTO curso_ecommerce.tb_endereco( codigo_endereco, logradouro, numero, complemento, bairro, cidade, estado, cep ) VALUES ( 74, 'Avenida Cristóvão Colombo', '683', 'Apto 201', 'Funcionários', 'Belo Horizonte', 'MG', '30140000');
INSERT INTO curso_ecommerce.tb_endereco( codigo_endereco, logradouro, numero, complemento, bairro, cidade, estado, cep ) VALUES ( 75, 'Rua dos Inconfidentes', '910', 'Conj 402', 'Savassi', 'Belo Horizonte', 'MG', '30140000');
INSERT INTO curso_ecommerce.tb_endereco( codigo_endereco, logradouro, numero, complemento, bairro, cidade, estado, cep ) VALUES ( 76, 'Avenida Álvares Cabral', '344', null, 'Lourdes', 'Belo Horizonte', 'MG', '30170000');
INSERT INTO curso_ecommerce.tb_endereco( codigo_endereco, logradouro, numero, complemento, bairro, cidade, estado, cep ) VALUES ( 77, 'Rua Alagoas', '1314', 'Sala 802', 'Savassi', 'Belo Horizonte', 'MG', '30130000');
INSERT INTO curso_ecommerce.tb_endereco( codigo_endereco, logradouro, numero, complemento, bairro, cidade, estado, cep ) VALUES ( 78, 'Avenida Raja Gabaglia', '2671', 'Conj 605', 'Estoril', 'Belo Horizonte', 'MG', '30494000');
INSERT INTO curso_ecommerce.tb_endereco( codigo_endereco, logradouro, numero, complemento, bairro, cidade, estado, cep ) VALUES ( 79, 'Rua Curitiba', '1982', 'Apto 701', 'Lourdes', 'Belo Horizonte', 'MG', '30170000');
INSERT INTO curso_ecommerce.tb_endereco( codigo_endereco, logradouro, numero, complemento, bairro, cidade, estado, cep ) VALUES ( 80, 'Avenida Prudente de Morais', '621', null, 'Santo Antônio', 'Belo Horizonte', 'MG', '30350000');
INSERT INTO curso_ecommerce.tb_endereco( codigo_endereco, logradouro, numero, complemento, bairro, cidade, estado, cep ) VALUES ( 81, 'Rua Antônio de Albuquerque', '377', 'Sala 1002', 'Funcionários', 'Belo Horizonte', 'MG', '30112000');
INSERT INTO curso_ecommerce.tb_endereco( codigo_endereco, logradouro, numero, complemento, bairro, cidade, estado, cep ) VALUES ( 82, 'Avenida Bandeirantes', '330', null, 'Mangabeiras', 'Belo Horizonte', 'MG', '30315000');
INSERT INTO curso_ecommerce.tb_endereco( codigo_endereco, logradouro, numero, complemento, bairro, cidade, estado, cep ) VALUES ( 83, 'Rua Marília de Dirceu', '226', 'Apto 801', 'Lourdes', 'Belo Horizonte', 'MG', '30170000');
INSERT INTO curso_ecommerce.tb_endereco( codigo_endereco, logradouro, numero, complemento, bairro, cidade, estado, cep ) VALUES ( 84, 'Avenida Silva Lobo', '1730', null, 'Nova Granada', 'Belo Horizonte', 'MG', '30460000');
INSERT INTO curso_ecommerce.tb_endereco( codigo_endereco, logradouro, numero, complemento, bairro, cidade, estado, cep ) VALUES ( 85, 'Rua Gonçalves Dias', '744', 'Sala 1501', 'Funcionários', 'Belo Horizonte', 'MG', '30140000');
INSERT INTO curso_ecommerce.tb_endereco( codigo_endereco, logradouro, numero, complemento, bairro, cidade, estado, cep ) VALUES ( 86, 'Avenida Professor Mário Werneck', '2170', null, 'Buritis', 'Belo Horizonte', 'MG', '30575000');
INSERT INTO curso_ecommerce.tb_endereco( codigo_endereco, logradouro, numero, complemento, bairro, cidade, estado, cep ) VALUES ( 87, 'Rua Martim de Carvalho', '94', 'Apto 302', 'Santo Agostinho', 'Belo Horizonte', 'MG', '30190000');
INSERT INTO curso_ecommerce.tb_endereco( codigo_endereco, logradouro, numero, complemento, bairro, cidade, estado, cep ) VALUES ( 88, 'Avenida Bernardo Monteiro', '1063', null, 'Santa Efigênia', 'Belo Horizonte', 'MG', '30150000');
INSERT INTO curso_ecommerce.tb_endereco( codigo_endereco, logradouro, numero, complemento, bairro, cidade, estado, cep ) VALUES ( 89, 'Rua Ceará', '1431', 'Sala 902', 'Funcionários', 'Belo Horizonte', 'MG', '30150000');
INSERT INTO curso_ecommerce.tb_endereco( codigo_endereco, logradouro, numero, complemento, bairro, cidade, estado, cep ) VALUES ( 90, 'Avenida Olegário Maciel', '742', null, 'Centro', 'Belo Horizonte', 'MG', '30180000');
INSERT INTO curso_ecommerce.tb_endereco( codigo_endereco, logradouro, numero, complemento, bairro, cidade, estado, cep ) VALUES ( 91, 'Rua Desembargador Jorge Fontana', '408', 'Apto 1201', 'Belvedere', 'Belo Horizonte', 'MG', '30320000');
INSERT INTO curso_ecommerce.tb_endereco( codigo_endereco, logradouro, numero, complemento, bairro, cidade, estado, cep ) VALUES ( 92, 'Avenida Professor Alfredo Balena', '189', 'Sala 702', 'Santa Efigênia', 'Belo Horizonte', 'MG', '30130000');
INSERT INTO curso_ecommerce.tb_endereco( codigo_endereco, logradouro, numero, complemento, bairro, cidade, estado, cep ) VALUES ( 93, 'Rua Professor Morais', '32', 'Casa 3', 'Savassi', 'Belo Horizonte', 'MG', '30150000');
INSERT INTO curso_ecommerce.tb_endereco( codigo_endereco, logradouro, numero, complemento, bairro, cidade, estado, cep ) VALUES ( 94, 'Avenida do Contorno', '5351', null, 'Funcionários', 'Belo Horizonte', 'MG', '30110000');
INSERT INTO curso_ecommerce.tb_endereco( codigo_endereco, logradouro, numero, complemento, bairro, cidade, estado, cep ) VALUES ( 95, 'SQS 308 Bloco C', '105', 'Apto 201', 'Asa Sul', 'Brasília', 'DF', '70355000');
INSERT INTO curso_ecommerce.tb_endereco( codigo_endereco, logradouro, numero, complemento, bairro, cidade, estado, cep ) VALUES ( 96, 'SQN 209 Bloco F', '305', 'Apto 104', 'Asa Norte', 'Brasília', 'DF', '70854000');
INSERT INTO curso_ecommerce.tb_endereco( codigo_endereco, logradouro, numero, complemento, bairro, cidade, estado, cep ) VALUES ( 97, 'SQS 114 Bloco A', '402', null, 'Asa Sul', 'Brasília', 'DF', '70377000');
INSERT INTO curso_ecommerce.tb_endereco( codigo_endereco, logradouro, numero, complemento, bairro, cidade, estado, cep ) VALUES ( 98, 'SQN 104 Bloco J', '304', 'Apto 301', 'Asa Norte', 'Brasília', 'DF', '70733000');
INSERT INTO curso_ecommerce.tb_endereco( codigo_endereco, logradouro, numero, complemento, bairro, cidade, estado, cep ) VALUES ( 99, 'SHIS QI 11 Conjunto 6', '15', 'Casa 2', 'Lago Sul', 'Brasília', 'DF', '71625000');
INSERT INTO curso_ecommerce.tb_endereco( codigo_endereco, logradouro, numero, complemento, bairro, cidade, estado, cep ) VALUES ( 100, 'SHIS QL 8 Conjunto 1', '23', null, 'Lago Sul', 'Brasília', 'DF', '71620000');
INSERT INTO curso_ecommerce.tb_endereco( codigo_endereco, logradouro, numero, complemento, bairro, cidade, estado, cep ) VALUES ( 101, 'SHIN QI 7 Conjunto 11', '5', 'Casa A', 'Lago Norte', 'Brasília', 'DF', '71515000');
INSERT INTO curso_ecommerce.tb_endereco( codigo_endereco, logradouro, numero, complemento, bairro, cidade, estado, cep ) VALUES ( 102, 'SHIN QL 2 Conjunto 2', '12', null, 'Lago Norte', 'Brasília', 'DF', '71510000');
INSERT INTO curso_ecommerce.tb_endereco( codigo_endereco, logradouro, numero, complemento, bairro, cidade, estado, cep ) VALUES ( 103, 'SGAS 915 Bloco A', '45', 'Sala 220', 'Asa Sul', 'Brasília', 'DF', '70390000');
INSERT INTO curso_ecommerce.tb_endereco( codigo_endereco, logradouro, numero, complemento, bairro, cidade, estado, cep ) VALUES ( 104, 'SCRN 704/705 Bloco F', '34', 'Loja 10', 'Asa Norte', 'Brasília', 'DF', '70730000');
INSERT INTO curso_ecommerce.tb_endereco( codigo_endereco, logradouro, numero, complemento, bairro, cidade, estado, cep ) VALUES ( 105, 'SHCN 307 Bloco B', '23', 'Loja 15', 'Asa Norte', 'Brasília', 'DF', '70746000');
INSERT INTO curso_ecommerce.tb_endereco( codigo_endereco, logradouro, numero, complemento, bairro, cidade, estado, cep ) VALUES ( 106, 'SHCS 302 Bloco C', '45', 'Sala 101', 'Asa Sul', 'Brasília', 'DF', '70338000');
INSERT INTO curso_ecommerce.tb_endereco( codigo_endereco, logradouro, numero, complemento, bairro, cidade, estado, cep ) VALUES ( 107, 'SEPN 507 Bloco D', '45', 'Conj 101', 'Asa Norte', 'Brasília', 'DF', '70740000');
INSERT INTO curso_ecommerce.tb_endereco( codigo_endereco, logradouro, numero, complemento, bairro, cidade, estado, cep ) VALUES ( 108, 'SEPS 705/905 Bloco C', '34', 'Sala 301', 'Asa Sul', 'Brasília', 'DF', '70390000');
INSERT INTO curso_ecommerce.tb_endereco( codigo_endereco, logradouro, numero, complemento, bairro, cidade, estado, cep ) VALUES ( 109, 'CLN 201 Bloco A', '45', 'Loja 22', 'Asa Norte', 'Brasília', 'DF', '70832000');
INSERT INTO curso_ecommerce.tb_endereco( codigo_endereco, logradouro, numero, complemento, bairro, cidade, estado, cep ) VALUES ( 110, 'CLS 103 Bloco B', '12', 'Loja 5', 'Asa Sul', 'Brasília', 'DF', '70342000');
INSERT INTO curso_ecommerce.tb_endereco( codigo_endereco, logradouro, numero, complemento, bairro, cidade, estado, cep ) VALUES ( 111, 'SCN Quadra 2 Bloco D', '12', 'Sala 1210', 'Asa Norte', 'Brasília', 'DF', '70712000');
INSERT INTO curso_ecommerce.tb_endereco( codigo_endereco, logradouro, numero, complemento, bairro, cidade, estado, cep ) VALUES ( 112, 'SCS Quadra 8 Bloco B-50', '23', 'Sala 442', 'Asa Sul', 'Brasília', 'DF', '70333000');
INSERT INTO curso_ecommerce.tb_endereco( codigo_endereco, logradouro, numero, complemento, bairro, cidade, estado, cep ) VALUES ( 113, 'St. de Habitações Individuais Sul QL 10', '24', 'Conjunto 2', 'Lago Sul', 'Brasília', 'DF', '71630000');
INSERT INTO curso_ecommerce.tb_endereco( codigo_endereco, logradouro, numero, complemento, bairro, cidade, estado, cep ) VALUES ( 114, 'Avenida das Araucárias', '78', 'Loja 23', 'Águas Claras', 'Brasília', 'DF', '71936000');
INSERT INTO curso_ecommerce.tb_endereco( codigo_endereco, logradouro, numero, complemento, bairro, cidade, estado, cep ) VALUES ( 115, 'Rua 36 Sul', '45', 'Apto 1102', 'Águas Claras', 'Brasília', 'DF', '71931000');
INSERT INTO curso_ecommerce.tb_endereco( codigo_endereco, logradouro, numero, complemento, bairro, cidade, estado, cep ) VALUES ( 116, 'Rua 37 Norte', '32', null, 'Águas Claras', 'Brasília', 'DF', '71919000');
INSERT INTO curso_ecommerce.tb_endereco( codigo_endereco, logradouro, numero, complemento, bairro, cidade, estado, cep ) VALUES ( 117, 'SQSW 104 Bloco D', '102', 'Apto 502', 'Sudoeste', 'Brasília', 'DF', '70670000');
INSERT INTO curso_ecommerce.tb_endereco( codigo_endereco, logradouro, numero, complemento, bairro, cidade, estado, cep ) VALUES ( 118, 'SQNW 108 Bloco H', '34', 'Apto 201', 'Noroeste', 'Brasília', 'DF', '70686000');
INSERT INTO curso_ecommerce.tb_endereco( codigo_endereco, logradouro, numero, complemento, bairro, cidade, estado, cep ) VALUES ( 119, 'Avenida Central', '23', 'Bloco 1025', 'Núcleo Bandeirante', 'Brasília', 'DF', '71710000');
INSERT INTO curso_ecommerce.tb_endereco( codigo_endereco, logradouro, numero, complemento, bairro, cidade, estado, cep ) VALUES ( 120, 'Quadra 1 Conjunto A', '12', 'Casa 15', 'Sobradinho', 'Brasília', 'DF', '73010000');
INSERT INTO curso_ecommerce.tb_endereco( codigo_endereco, logradouro, numero, complemento, bairro, cidade, estado, cep ) VALUES ( 121, 'Avenida Recife', '1500', 'Sala 305', 'Boa Viagem', 'Recife', 'PE', '51030000');
INSERT INTO curso_ecommerce.tb_endereco( codigo_endereco, logradouro, numero, complemento, bairro, cidade, estado, cep ) VALUES ( 122, 'Rua da Aurora', '325', 'Apto 1002', 'Boa Vista', 'Recife', 'PE', '50050000');
INSERT INTO curso_ecommerce.tb_endereco( codigo_endereco, logradouro, numero, complemento, bairro, cidade, estado, cep ) VALUES ( 123, 'Avenida Conselheiro Aguiar', '2100', null, 'Boa Viagem', 'Recife', 'PE', '51020000');
INSERT INTO curso_ecommerce.tb_endereco( codigo_endereco, logradouro, numero, complemento, bairro, cidade, estado, cep ) VALUES ( 124, 'Rua do Bom Jesus', '97', 'Loja A', 'Recife Antigo', 'Recife', 'PE', '50030000');
INSERT INTO curso_ecommerce.tb_endereco( codigo_endereco, logradouro, numero, complemento, bairro, cidade, estado, cep ) VALUES ( 125, 'Avenida Agamenon Magalhães', '2615', 'Sala 1105', 'Boa Vista', 'Recife', 'PE', '50050000');
INSERT INTO curso_ecommerce.tb_endereco( codigo_endereco, logradouro, numero, complemento, bairro, cidade, estado, cep ) VALUES ( 126, 'Rua Padre Carapuceiro', '350', 'Apto 1501', 'Boa Viagem', 'Recife', 'PE', '51020000');
INSERT INTO curso_ecommerce.tb_endereco( codigo_endereco, logradouro, numero, complemento, bairro, cidade, estado, cep ) VALUES ( 127, 'Avenida Conde da Boa Vista', '921', 'Loja 12', 'Boa Vista', 'Recife', 'PE', '50060000');
INSERT INTO curso_ecommerce.tb_endereco( codigo_endereco, logradouro, numero, complemento, bairro, cidade, estado, cep ) VALUES ( 128, 'Rua Marquês de Abrantes', '192', null, 'Santo Amaro', 'Recife', 'PE', '50100000');
INSERT INTO curso_ecommerce.tb_endereco( codigo_endereco, logradouro, numero, complemento, bairro, cidade, estado, cep ) VALUES ( 129, 'Avenida Domingos Ferreira', '1100', 'Sala 604', 'Boa Viagem', 'Recife', 'PE', '51020000');
INSERT INTO curso_ecommerce.tb_endereco( codigo_endereco, logradouro, numero, complemento, bairro, cidade, estado, cep ) VALUES ( 130, 'Rua das Ninfas', '314', 'Apto 702', 'Boa Vista', 'Recife', 'PE', '50070000');
INSERT INTO curso_ecommerce.tb_endereco( codigo_endereco, logradouro, numero, complemento, bairro, cidade, estado, cep ) VALUES ( 131, 'Avenida República do Líbano', '251', null, 'Pina', 'Recife', 'PE', '51110000');
INSERT INTO curso_ecommerce.tb_endereco( codigo_endereco, logradouro, numero, complemento, bairro, cidade, estado, cep ) VALUES ( 132, 'Rua da Hora', '695', 'Sala 501', 'Espinheiro', 'Recife', 'PE', '52020000');
INSERT INTO curso_ecommerce.tb_endereco( codigo_endereco, logradouro, numero, complemento, bairro, cidade, estado, cep ) VALUES ( 133, 'Avenida 17 de Agosto', '2133', null, 'Casa Forte', 'Recife', 'PE', '52060000');
INSERT INTO curso_ecommerce.tb_endereco( codigo_endereco, logradouro, numero, complemento, bairro, cidade, estado, cep ) VALUES ( 134, 'Rua José de Alencar', '373', 'Apto 1202', 'Boa Viagem', 'Recife', 'PE', '51021000');
INSERT INTO curso_ecommerce.tb_endereco( codigo_endereco, logradouro, numero, complemento, bairro, cidade, estado, cep ) VALUES ( 135, 'Avenida Engenheiro Domingos Ferreira', '2160', 'Sala 810', 'Boa Viagem', 'Recife', 'PE', '51020000');
INSERT INTO curso_ecommerce.tb_endereco( codigo_endereco, logradouro, numero, complemento, bairro, cidade, estado, cep ) VALUES ( 136, 'Rua Real da Torre', '1000', null, 'Madalena', 'Recife', 'PE', '50610000');
INSERT INTO curso_ecommerce.tb_endereco( codigo_endereco, logradouro, numero, complemento, bairro, cidade, estado, cep ) VALUES ( 137, 'Avenida Caxangá', '3210', 'Loja 5', 'Iputinga', 'Recife', 'PE', '50731000');
INSERT INTO curso_ecommerce.tb_endereco( codigo_endereco, logradouro, numero, complemento, bairro, cidade, estado, cep ) VALUES ( 138, 'Rua Dona Maria César', '170', 'Apto 901', 'Parnamirim', 'Recife', 'PE', '52060000');
INSERT INTO curso_ecommerce.tb_endereco( codigo_endereco, logradouro, numero, complemento, bairro, cidade, estado, cep ) VALUES ( 139, 'Avenida Manoel Borba', '300', null, 'Boa Vista', 'Recife', 'PE', '50070000');
INSERT INTO curso_ecommerce.tb_endereco( codigo_endereco, logradouro, numero, complemento, bairro, cidade, estado, cep ) VALUES ( 140, 'Rua Setúbal', '913', 'Sala 303', 'Boa Viagem', 'Recife', 'PE', '51030000');
INSERT INTO curso_ecommerce.tb_endereco( codigo_endereco, logradouro, numero, complemento, bairro, cidade, estado, cep ) VALUES ( 141, 'Rua Tenente Silveira', '94', 'Sala 402', 'Centro', 'Florianópolis', 'SC', '88010000');
INSERT INTO curso_ecommerce.tb_endereco( codigo_endereco, logradouro, numero, complemento, bairro, cidade, estado, cep ) VALUES ( 142, 'Avenida Beira Mar Norte', '1234', 'Apto 1102', 'Centro', 'Florianópolis', 'SC', '88020000');
INSERT INTO curso_ecommerce.tb_endereco( codigo_endereco, logradouro, numero, complemento, bairro, cidade, estado, cep ) VALUES ( 143, 'Rua Almirante Lamego', '785', null, 'Centro', 'Florianópolis', 'SC', '88015000');
INSERT INTO curso_ecommerce.tb_endereco( codigo_endereco, logradouro, numero, complemento, bairro, cidade, estado, cep ) VALUES ( 144, 'Avenida Mauro Ramos', '1450', 'Sala 301', 'Centro', 'Florianópolis', 'SC', '88020000');
INSERT INTO curso_ecommerce.tb_endereco( codigo_endereco, logradouro, numero, complemento, bairro, cidade, estado, cep ) VALUES ( 145, 'Rua Esteves Júnior', '50', 'Apto 702', 'Centro', 'Florianópolis', 'SC', '88015000');
INSERT INTO curso_ecommerce.tb_endereco( codigo_endereco, logradouro, numero, complemento, bairro, cidade, estado, cep ) VALUES ( 146, 'Avenida Trompowsky', '354', null, 'Centro', 'Florianópolis', 'SC', '88015000');
INSERT INTO curso_ecommerce.tb_endereco( codigo_endereco, logradouro, numero, complemento, bairro, cidade, estado, cep ) VALUES ( 147, 'Rua Felipe Schmidt', '315', 'Loja 22', 'Centro', 'Florianópolis', 'SC', '88010000');
INSERT INTO curso_ecommerce.tb_endereco( codigo_endereco, logradouro, numero, complemento, bairro, cidade, estado, cep ) VALUES ( 148, 'Avenida Hercílio Luz', '639', 'Sala 401', 'Centro', 'Florianópolis', 'SC', '88020000');
INSERT INTO curso_ecommerce.tb_endereco( codigo_endereco, logradouro, numero, complemento, bairro, cidade, estado, cep ) VALUES ( 149, 'Rua João Pinto', '102', 'Apto 801', 'Centro', 'Florianópolis', 'SC', '88010000');
INSERT INTO curso_ecommerce.tb_endereco( codigo_endereco, logradouro, numero, complemento, bairro, cidade, estado, cep ) VALUES ( 150, 'Avenida Paulo Fontes', '1101', null, 'Centro', 'Florianópolis', 'SC', '88010000');
INSERT INTO curso_ecommerce.tb_endereco( codigo_endereco, logradouro, numero, complemento, bairro, cidade, estado, cep ) VALUES ( 151, 'Rua Bocaiúva', '227', 'Sala 505', 'Centro', 'Florianópolis', 'SC', '88015000');
INSERT INTO curso_ecommerce.tb_endereco( codigo_endereco, logradouro, numero, complemento, bairro, cidade, estado, cep ) VALUES ( 152, 'Avenida Rio Branco', '404', 'Apto 1001', 'Centro', 'Florianópolis', 'SC', '88015000');
INSERT INTO curso_ecommerce.tb_endereco( codigo_endereco, logradouro, numero, complemento, bairro, cidade, estado, cep ) VALUES ( 153, 'Rua Conselheiro Mafra', '656', null, 'Centro', 'Florianópolis', 'SC', '88010000');
INSERT INTO curso_ecommerce.tb_endereco( codigo_endereco, logradouro, numero, complemento, bairro, cidade, estado, cep ) VALUES ( 154, 'Avenida Desembargador Vitor Lima', '500', 'Bloco A', 'Trindade', 'Florianópolis', 'SC', '88040000');
INSERT INTO curso_ecommerce.tb_endereco( codigo_endereco, logradouro, numero, complemento, bairro, cidade, estado, cep ) VALUES ( 155, 'Rua Lauro Linhares', '897', 'Sala 301', 'Trindade', 'Florianópolis', 'SC', '88036000');
INSERT INTO curso_ecommerce.tb_endereco( codigo_endereco, logradouro, numero, complemento, bairro, cidade, estado, cep ) VALUES ( 156, 'Avenida Madre Benvenuta', '1389', null, 'Santa Mônica', 'Florianópolis', 'SC', '88035000');
INSERT INTO curso_ecommerce.tb_endereco( codigo_endereco, logradouro, numero, complemento, bairro, cidade, estado, cep ) VALUES ( 157, 'Rua Deputado Antônio Edu Vieira', '1234', 'Apto 502', 'Pantanal', 'Florianópolis', 'SC', '88040000');
INSERT INTO curso_ecommerce.tb_endereco( codigo_endereco, logradouro, numero, complemento, bairro, cidade, estado, cep ) VALUES ( 158, 'Avenida Beiramar', '2500', null, 'Agronômica', 'Florianópolis', 'SC', '88025000');
INSERT INTO curso_ecommerce.tb_endereco( codigo_endereco, logradouro, numero, complemento, bairro, cidade, estado, cep ) VALUES ( 159, 'Rodovia Admar Gonzaga', '1500', 'Sala 205', 'Itacorubi', 'Florianópolis', 'SC', '88034000');
INSERT INTO curso_ecommerce.tb_endereco( codigo_endereco, logradouro, numero, complemento, bairro, cidade, estado, cep ) VALUES ( 160, 'Rua Delfino Conti', '320', 'Bloco B', 'Trindade', 'Florianópolis', 'SC', '88040000');
INSERT INTO curso_ecommerce.tb_endereco( codigo_endereco, logradouro, numero, complemento, bairro, cidade, estado, cep ) VALUES ( 161, 'Avenida Engenheiro Max de Souza', '1120', 'Apto 302', 'Coqueiros', 'Florianópolis', 'SC', '88080000');
INSERT INTO curso_ecommerce.tb_endereco( codigo_endereco, logradouro, numero, complemento, bairro, cidade, estado, cep ) VALUES ( 162, 'Rua João Paulo', '1200', null, 'João Paulo', 'Florianópolis', 'SC', '88030000');
INSERT INTO curso_ecommerce.tb_endereco( codigo_endereco, logradouro, numero, complemento, bairro, cidade, estado, cep ) VALUES ( 163, 'Avenida Osvaldo Rodrigues Cabral', '1570', 'Sala 405', 'Centro', 'Florianópolis', 'SC', '88015000');
INSERT INTO curso_ecommerce.tb_endereco( codigo_endereco, logradouro, numero, complemento, bairro, cidade, estado, cep ) VALUES ( 164, 'Rua Jerônimo Coelho', '280', 'Apto 901', 'Centro', 'Florianópolis', 'SC', '88010000');
INSERT INTO curso_ecommerce.tb_endereco( codigo_endereco, logradouro, numero, complemento, bairro, cidade, estado, cep ) VALUES ( 165, 'Avenida Jornalista Rubens de Arruda Ramos', '2500', null, 'Centro', 'Florianópolis', 'SC', '88015000');
INSERT INTO curso_ecommerce.tb_endereco( codigo_endereco, logradouro, numero, complemento, bairro, cidade, estado, cep ) VALUES ( 166, 'Rua dos Ilhéus', '46', 'Sala 602', 'Centro', 'Florianópolis', 'SC', '88010000');
INSERT INTO curso_ecommerce.tb_endereco( codigo_endereco, logradouro, numero, complemento, bairro, cidade, estado, cep ) VALUES ( 167, 'Avenida Prefeito Osmar Cunha', '183', 'Apto 1201', 'Centro', 'Florianópolis', 'SC', '88015000');
INSERT INTO curso_ecommerce.tb_endereco( codigo_endereco, logradouro, numero, complemento, bairro, cidade, estado, cep ) VALUES ( 168, 'Rua Nereu Ramos', '19', null, 'Centro', 'Florianópolis', 'SC', '88015000');
INSERT INTO curso_ecommerce.tb_endereco( codigo_endereco, logradouro, numero, complemento, bairro, cidade, estado, cep ) VALUES ( 169, 'Avenida Professor Othon Gama D''Eça', '900', 'Sala 501', 'Centro', 'Florianópolis', 'SC', '88015000');
INSERT INTO curso_ecommerce.tb_endereco( codigo_endereco, logradouro, numero, complemento, bairro, cidade, estado, cep ) VALUES ( 170, 'Rua Presidente Coutinho', '311', 'Apto 702', 'Centro', 'Florianópolis', 'SC', '88015000');
INSERT INTO curso_ecommerce.tb_endereco( codigo_endereco, logradouro, numero, complemento, bairro, cidade, estado, cep ) VALUES ( 171, 'Avenida Carlos Gomes', '222', 'Sala 801', 'Auxiliadora', 'Porto Alegre', 'RS', '90480000');
INSERT INTO curso_ecommerce.tb_endereco( codigo_endereco, logradouro, numero, complemento, bairro, cidade, estado, cep ) VALUES ( 172, 'Rua 24 de Outubro', '850', 'Apto 1201', 'Moinhos de Vento', 'Porto Alegre', 'RS', '90510000');
INSERT INTO curso_ecommerce.tb_endereco( codigo_endereco, logradouro, numero, complemento, bairro, cidade, estado, cep ) VALUES ( 173, 'Avenida Independência', '1055', null, 'Independência', 'Porto Alegre', 'RS', '90035000');
INSERT INTO curso_ecommerce.tb_endereco( codigo_endereco, logradouro, numero, complemento, bairro, cidade, estado, cep ) VALUES ( 174, 'Rua Mostardeiro', '366', 'Sala 501', 'Moinhos de Vento', 'Porto Alegre', 'RS', '90430000');
INSERT INTO curso_ecommerce.tb_endereco( codigo_endereco, logradouro, numero, complemento, bairro, cidade, estado, cep ) VALUES ( 175, 'Avenida Protásio Alves', '2854', 'Loja 5', 'Petrópolis', 'Porto Alegre', 'RS', '90410000');
INSERT INTO curso_ecommerce.tb_endereco( codigo_endereco, logradouro, numero, complemento, bairro, cidade, estado, cep ) VALUES ( 176, 'Rua Félix da Cunha', '737', 'Apto 601', 'Moinhos de Vento', 'Porto Alegre', 'RS', '90570000');
INSERT INTO curso_ecommerce.tb_endereco( codigo_endereco, logradouro, numero, complemento, bairro, cidade, estado, cep ) VALUES ( 177, 'Avenida Cristóvão Colombo', '2360', null, 'Floresta', 'Porto Alegre', 'RS', '90560000');
INSERT INTO curso_ecommerce.tb_endereco( codigo_endereco, logradouro, numero, complemento, bairro, cidade, estado, cep ) VALUES ( 178, 'Rua Hilário Ribeiro', '202', 'Sala 302', 'Moinhos de Vento', 'Porto Alegre', 'RS', '90510000');
INSERT INTO curso_ecommerce.tb_endereco( codigo_endereco, logradouro, numero, complemento, bairro, cidade, estado, cep ) VALUES ( 179, 'Avenida João Pessoa', '1323', 'Apto 801', 'Farroupilha', 'Porto Alegre', 'RS', '90040000');
INSERT INTO curso_ecommerce.tb_endereco( codigo_endereco, logradouro, numero, complemento, bairro, cidade, estado, cep ) VALUES ( 180, 'Rua Coronel Bordini', '895', null, 'Auxiliadora', 'Porto Alegre', 'RS', '90440000');
INSERT INTO curso_ecommerce.tb_endereco( codigo_endereco, logradouro, numero, complemento, bairro, cidade, estado, cep ) VALUES ( 181, 'Avenida Plínio Brasil Milano', '1000', 'Sala 401', 'Higienópolis', 'Porto Alegre', 'RS', '90520000');
INSERT INTO curso_ecommerce.tb_endereco( codigo_endereco, logradouro, numero, complemento, bairro, cidade, estado, cep ) VALUES ( 182, 'Rua Quintino Bocaiúva', '467', 'Apto 901', 'Rio Branco', 'Porto Alegre', 'RS', '90440000');
INSERT INTO curso_ecommerce.tb_endereco( codigo_endereco, logradouro, numero, complemento, bairro, cidade, estado, cep ) VALUES ( 183, 'Avenida Osvaldo Aranha', '1022', null, 'Bom Fim', 'Porto Alegre', 'RS', '90035000');
INSERT INTO curso_ecommerce.tb_endereco( codigo_endereco, logradouro, numero, complemento, bairro, cidade, estado, cep ) VALUES ( 184, 'Rua Mariante', '288', 'Sala 602', 'Rio Branco', 'Porto Alegre', 'RS', '90430000');
INSERT INTO curso_ecommerce.tb_endereco( codigo_endereco, logradouro, numero, complemento, bairro, cidade, estado, cep ) VALUES ( 185, 'Avenida Ipiranga', '7200', null, 'Partenon', 'Porto Alegre', 'RS', '90610000');
INSERT INTO curso_ecommerce.tb_endereco( codigo_endereco, logradouro, numero, complemento, bairro, cidade, estado, cep ) VALUES ( 186, 'Rua Ramiro Barcelos', '1829', 'Apto 1101', 'Rio Branco', 'Porto Alegre', 'RS', '90035000');
INSERT INTO curso_ecommerce.tb_endereco( codigo_endereco, logradouro, numero, complemento, bairro, cidade, estado, cep ) VALUES ( 187, 'Avenida Venâncio Aires', '93', null, 'Cidade Baixa', 'Porto Alegre', 'RS', '90040000');
INSERT INTO curso_ecommerce.tb_endereco( codigo_endereco, logradouro, numero, complemento, bairro, cidade, estado, cep ) VALUES ( 188, 'Rua Lima e Silva', '400', 'Sala 701', 'Cidade Baixa', 'Porto Alegre', 'RS', '90050000');
INSERT INTO curso_ecommerce.tb_endereco( codigo_endereco, logradouro, numero, complemento, bairro, cidade, estado, cep ) VALUES ( 189, 'Avenida José de Alencar', '1042', null, 'Menino Deus', 'Porto Alegre', 'RS', '90880000');
INSERT INTO curso_ecommerce.tb_endereco( codigo_endereco, logradouro, numero, complemento, bairro, cidade, estado, cep ) VALUES ( 190, 'Rua Padre Chagas', '79', 'Loja 3', 'Moinhos de Vento', 'Porto Alegre', 'RS', '90570000');
INSERT INTO curso_ecommerce.tb_endereco( codigo_endereco, logradouro, numero, complemento, bairro, cidade, estado, cep ) VALUES ( 191, 'Avenida Assis Brasil', '3940', null, 'Passo d''Areia', 'Porto Alegre', 'RS', '91010000');
INSERT INTO curso_ecommerce.tb_endereco( codigo_endereco, logradouro, numero, complemento, bairro, cidade, estado, cep ) VALUES ( 192, 'Rua Dr. Timóteo', '752', 'Apto 1001', 'Floresta', 'Porto Alegre', 'RS', '90570000');
INSERT INTO curso_ecommerce.tb_endereco( codigo_endereco, logradouro, numero, complemento, bairro, cidade, estado, cep ) VALUES ( 193, 'Avenida Loureiro da Silva', '1500', null, 'Cidade Baixa', 'Porto Alegre', 'RS', '90010000');
INSERT INTO curso_ecommerce.tb_endereco( codigo_endereco, logradouro, numero, complemento, bairro, cidade, estado, cep ) VALUES ( 194, 'Rua Santo Antônio', '226', 'Sala 802', 'Independência', 'Porto Alegre', 'RS', '90220000');
INSERT INTO curso_ecommerce.tb_endereco( codigo_endereco, logradouro, numero, complemento, bairro, cidade, estado, cep ) VALUES ( 195, 'Avenida Borges de Medeiros', '2105', 'Apto 1501', 'Praia de Belas', 'Porto Alegre', 'RS', '90110000');
INSERT INTO curso_ecommerce.tb_endereco( codigo_endereco, logradouro, numero, complemento, bairro, cidade, estado, cep ) VALUES ( 196, 'Avenida João Gualberto', '1731', 'Sala 302', 'Juvevê', 'Curitiba', 'PR', '80030000');
INSERT INTO curso_ecommerce.tb_endereco( codigo_endereco, logradouro, numero, complemento, bairro, cidade, estado, cep ) VALUES ( 197, 'Rua Padre Anchieta', '2050', 'Apto 803', 'Bigorrilho', 'Curitiba', 'PR', '80730000');
INSERT INTO curso_ecommerce.tb_endereco( codigo_endereco, logradouro, numero, complemento, bairro, cidade, estado, cep ) VALUES ( 198, 'Avenida República Argentina', '1228', null, 'Água Verde', 'Curitiba', 'PR', '80620000');
INSERT INTO curso_ecommerce.tb_endereco( codigo_endereco, logradouro, numero, complemento, bairro, cidade, estado, cep ) VALUES ( 199, 'Rua Marechal Deodoro', '630', 'Sala 1505', 'Centro', 'Curitiba', 'PR', '80010000');
INSERT INTO curso_ecommerce.tb_endereco( codigo_endereco, logradouro, numero, complemento, bairro, cidade, estado, cep ) VALUES ( 200, 'Avenida Sete de Setembro', '4214', 'Loja 2', 'Batel', 'Curitiba', 'PR', '80240000');
INSERT INTO curso_ecommerce.tb_endereco( codigo_endereco, logradouro, numero, complemento, bairro, cidade, estado, cep ) VALUES ( 201, 'Rua Comendador Araújo', '323', 'Apto 1201', 'Centro', 'Curitiba', 'PR', '80420000');
INSERT INTO curso_ecommerce.tb_endereco( codigo_endereco, logradouro, numero, complemento, bairro, cidade, estado, cep ) VALUES ( 202, 'Avenida Visconde de Guarapuava', '4473', null, 'Batel', 'Curitiba', 'PR', '80240000');
INSERT INTO curso_ecommerce.tb_endereco( codigo_endereco, logradouro, numero, complemento, bairro, cidade, estado, cep ) VALUES ( 203, 'Rua Nunes Machado', '100', 'Sala 701', 'Rebouças', 'Curitiba', 'PR', '80250000');
INSERT INTO curso_ecommerce.tb_endereco( codigo_endereco, logradouro, numero, complemento, bairro, cidade, estado, cep ) VALUES ( 204, 'Avenida Silva Jardim', '567', 'Apto 901', 'Rebouças', 'Curitiba', 'PR', '80230000');
INSERT INTO curso_ecommerce.tb_endereco( codigo_endereco, logradouro, numero, complemento, bairro, cidade, estado, cep ) VALUES ( 205, 'Rua Mateus Leme', '2631', null, 'Centro Cívico', 'Curitiba', 'PR', '80530000');
INSERT INTO curso_ecommerce.tb_endereco( codigo_endereco, logradouro, numero, complemento, bairro, cidade, estado, cep ) VALUES ( 206, 'Avenida Manoel Ribas', '5000', 'Casa 2', 'Santa Felicidade', 'Curitiba', 'PR', '82400000');
INSERT INTO curso_ecommerce.tb_endereco( codigo_endereco, logradouro, numero, complemento, bairro, cidade, estado, cep ) VALUES ( 207, 'Rua Desembargador Motta', '1499', 'Sala 201', 'Batel', 'Curitiba', 'PR', '80250000');
INSERT INTO curso_ecommerce.tb_endereco( codigo_endereco, logradouro, numero, complemento, bairro, cidade, estado, cep ) VALUES ( 208, 'Avenida Cândido de Abreu', '660', null, 'Centro Cívico', 'Curitiba', 'PR', '80530000');
INSERT INTO curso_ecommerce.tb_endereco( codigo_endereco, logradouro, numero, complemento, bairro, cidade, estado, cep ) VALUES ( 209, 'Rua Padre Agostinho', '2590', 'Apto 601', 'Bigorrilho', 'Curitiba', 'PR', '80710000');
INSERT INTO curso_ecommerce.tb_endereco( codigo_endereco, logradouro, numero, complemento, bairro, cidade, estado, cep ) VALUES ( 210, 'Avenida Iguaçu', '2820', 'Sala 501', 'Água Verde', 'Curitiba', 'PR', '80240000');
INSERT INTO curso_ecommerce.tb_endereco( codigo_endereco, logradouro, numero, complemento, bairro, cidade, estado, cep ) VALUES ( 211, 'Rua Grã Nicco', '113', null, 'Mossunguê', 'Curitiba', 'PR', '81200000');
INSERT INTO curso_ecommerce.tb_endereco( codigo_endereco, logradouro, numero, complemento, bairro, cidade, estado, cep ) VALUES ( 212, 'Avenida Winston Churchill', '2170', 'Loja 22', 'Capão Raso', 'Curitiba', 'PR', '81150000');
INSERT INTO curso_ecommerce.tb_endereco( codigo_endereco, logradouro, numero, complemento, bairro, cidade, estado, cep ) VALUES ( 213, 'Rua Brigadeiro Franco', '1877', 'Apto 801', 'Centro', 'Curitiba', 'PR', '80250000');
INSERT INTO curso_ecommerce.tb_endereco( codigo_endereco, logradouro, numero, complemento, bairro, cidade, estado, cep ) VALUES ( 214, 'Avenida Presidente Kennedy', '4121', null, 'Água Verde', 'Curitiba', 'PR', '80610000');
INSERT INTO curso_ecommerce.tb_endereco( codigo_endereco, logradouro, numero, complemento, bairro, cidade, estado, cep ) VALUES ( 215, 'Rua Bispo Dom José', '2495', 'Sala 302', 'Batel', 'Curitiba', 'PR', '80440000');
INSERT INTO curso_ecommerce.tb_endereco( codigo_endereco, logradouro, numero, complemento, bairro, cidade, estado, cep ) VALUES ( 216, 'Avenida Marechal Floriano Peixoto', '5500', 'Loja 10', 'Hauer', 'Curitiba', 'PR', '81610000');
INSERT INTO curso_ecommerce.tb_endereco( codigo_endereco, logradouro, numero, complemento, bairro, cidade, estado, cep ) VALUES ( 217, 'Rua Chile', '1678', 'Apto 1002', 'Rebouças', 'Curitiba', 'PR', '80220000');
INSERT INTO curso_ecommerce.tb_endereco( codigo_endereco, logradouro, numero, complemento, bairro, cidade, estado, cep ) VALUES ( 218, 'Avenida Iguaçu', '3001', null, 'Água Verde', 'Curitiba', 'PR', '80240000');
INSERT INTO curso_ecommerce.tb_endereco( codigo_endereco, logradouro, numero, complemento, bairro, cidade, estado, cep ) VALUES ( 219, 'Rua Coronel Dulcídio', '216', 'Sala 901', 'Batel', 'Curitiba', 'PR', '80420000');
INSERT INTO curso_ecommerce.tb_endereco( codigo_endereco, logradouro, numero, complemento, bairro, cidade, estado, cep ) VALUES ( 220, 'Avenida Nossa Senhora de Nazaré', '872', 'Apto 1102', 'Nazaré', 'Belém', 'PA', '66035000');
INSERT INTO curso_ecommerce.tb_endereco( codigo_endereco, logradouro, numero, complemento, bairro, cidade, estado, cep ) VALUES ( 221, 'Rua Municipalidade', '985', 'Sala 401', 'Umarizal', 'Belém', 'PA', '66050000');
INSERT INTO curso_ecommerce.tb_endereco( codigo_endereco, logradouro, numero, complemento, bairro, cidade, estado, cep ) VALUES ( 222, 'Avenida Magalhães Barata', '651', null, 'São Brás', 'Belém', 'PA', '66060000');
INSERT INTO curso_ecommerce.tb_endereco( codigo_endereco, logradouro, numero, complemento, bairro, cidade, estado, cep ) VALUES ( 223, 'Rua dos Mundurucus', '1613', 'Apto 901', 'Batista Campos', 'Belém', 'PA', '66035000');
INSERT INTO curso_ecommerce.tb_endereco( codigo_endereco, logradouro, numero, complemento, bairro, cidade, estado, cep ) VALUES ( 224, 'Avenida Gentil Bittencourt', '1990', 'Sala 202', 'São Brás', 'Belém', 'PA', '66040000');
INSERT INTO curso_ecommerce.tb_endereco( codigo_endereco, logradouro, numero, complemento, bairro, cidade, estado, cep ) VALUES ( 225, 'Rua dos Pariquis', '2999', null, 'Cremação', 'Belém', 'PA', '66040000');
INSERT INTO curso_ecommerce.tb_endereco( codigo_endereco, logradouro, numero, complemento, bairro, cidade, estado, cep ) VALUES ( 226, 'Avenida Almirante Barroso', '735', 'Apto 1502', 'Marco', 'Belém', 'PA', '66093000');
INSERT INTO curso_ecommerce.tb_endereco( codigo_endereco, logradouro, numero, complemento, bairro, cidade, estado, cep ) VALUES ( 227, 'Rua Boaventura da Silva', '1844', 'Sala 601', 'Umarizal', 'Belém', 'PA', '66060000');
INSERT INTO curso_ecommerce.tb_endereco( codigo_endereco, logradouro, numero, complemento, bairro, cidade, estado, cep ) VALUES ( 228, 'Avenida Conselheiro Furtado', '2391', null, 'Cremação', 'Belém', 'PA', '66040000');
INSERT INTO curso_ecommerce.tb_endereco( codigo_endereco, logradouro, numero, complemento, bairro, cidade, estado, cep ) VALUES ( 229, 'Rua Domingos Marreiros', '49', 'Apto 802', 'Umarizal', 'Belém', 'PA', '66055000');
INSERT INTO curso_ecommerce.tb_endereco( codigo_endereco, logradouro, numero, complemento, bairro, cidade, estado, cep ) VALUES ( 230, 'Travessa 9 de Janeiro', '1001', 'Sala 301', 'São Brás', 'Belém', 'PA', '66060000');
INSERT INTO curso_ecommerce.tb_endereco( codigo_endereco, logradouro, numero, complemento, bairro, cidade, estado, cep ) VALUES ( 231, 'Travessa Quintino Bocaiúva', '2151', null, 'Nazaré', 'Belém', 'PA', '66045000');
INSERT INTO curso_ecommerce.tb_endereco( codigo_endereco, logradouro, numero, complemento, bairro, cidade, estado, cep ) VALUES ( 232, 'Avenida Alcindo Cacela', '1421', 'Apto 1201', 'Umarizal', 'Belém', 'PA', '66060000');
INSERT INTO curso_ecommerce.tb_endereco( codigo_endereco, logradouro, numero, complemento, bairro, cidade, estado, cep ) VALUES ( 233, 'Travessa Djalma Dutra', '946', 'Loja 3', 'Telégrafo', 'Belém', 'PA', '66113000');
INSERT INTO curso_ecommerce.tb_endereco( codigo_endereco, logradouro, numero, complemento, bairro, cidade, estado, cep ) VALUES ( 234, 'Avenida Paulista', '1578', 'Andar 15', 'Bela Vista', 'São Paulo', 'SP', '01310200');
INSERT INTO curso_ecommerce.tb_endereco( codigo_endereco, logradouro, numero, complemento, bairro, cidade, estado, cep ) VALUES ( 235, 'Rua Augusta', '2854', 'Sala 302', 'Consolação', 'São Paulo', 'SP', '01412100');
INSERT INTO curso_ecommerce.tb_endereco( codigo_endereco, logradouro, numero, complemento, bairro, cidade, estado, cep ) VALUES ( 236, 'Rua Oscar Freire', '725', 'Loja 12', 'Jardins', 'São Paulo', 'SP', '01426001');
INSERT INTO curso_ecommerce.tb_endereco( codigo_endereco, logradouro, numero, complemento, bairro, cidade, estado, cep ) VALUES ( 237, 'Avenida Brigadeiro Faria Lima', '3477', 'Torre Norte - 14º andar', 'Itaim Bibi', 'São Paulo', 'SP', '04538133');
INSERT INTO curso_ecommerce.tb_endereco( codigo_endereco, logradouro, numero, complemento, bairro, cidade, estado, cep ) VALUES ( 238, 'Avenida Engenheiro Luís Carlos Berrini', '1500', 'Edifício Corporate - 5º andar', 'Brooklin', 'São Paulo', 'SP', '04571000');
INSERT INTO curso_ecommerce.tb_endereco( codigo_endereco, logradouro, numero, complemento, bairro, cidade, estado, cep ) VALUES ( 239, 'Avenida Rio Branco', '156', 'Sala 1230', 'Centro', 'Rio de Janeiro', 'RJ', '20040901');
INSERT INTO curso_ecommerce.tb_endereco( codigo_endereco, logradouro, numero, complemento, bairro, cidade, estado, cep ) VALUES ( 240, 'Avenida das Américas', '3434', 'Bloco 2 - Sala 502', 'Barra da Tijuca', 'Rio de Janeiro', 'RJ', '22640102');
INSERT INTO curso_ecommerce.tb_endereco( codigo_endereco, logradouro, numero, complemento, bairro, cidade, estado, cep ) VALUES ( 241, 'Avenida Atlântica', '2872', 'Cobertura', 'Copacabana', 'Rio de Janeiro', 'RJ', '22070000');
INSERT INTO curso_ecommerce.tb_endereco( codigo_endereco, logradouro, numero, complemento, bairro, cidade, estado, cep ) VALUES ( 242, 'Rua Lauro Muller', '116', 'Torre do Rio Sul - 35º andar', 'Botafogo', 'Rio de Janeiro', 'RJ', '22290160');
INSERT INTO curso_ecommerce.tb_endereco( codigo_endereco, logradouro, numero, complemento, bairro, cidade, estado, cep ) VALUES ( 243, 'Avenida Juscelino Kubitschek', '1830', 'Torre 3 - 8º andar', 'Vila Nova Conceição', 'São Paulo', 'SP', '04543900');
INSERT INTO curso_ecommerce.tb_endereco( codigo_endereco, logradouro, numero, complemento, bairro, cidade, estado, cep ) VALUES ( 244, 'Rua Sete de Setembro', '1051', 'Sobreloja', 'Centro', 'Porto Alegre', 'RS', '90010191');
INSERT INTO curso_ecommerce.tb_endereco( codigo_endereco, logradouro, numero, complemento, bairro, cidade, estado, cep ) VALUES ( 245, 'Avenida Carlos Gomes', '222', 'Conjunto 701', 'Auxiliadora', 'Porto Alegre', 'RS', '90480000');
INSERT INTO curso_ecommerce.tb_endereco( codigo_endereco, logradouro, numero, complemento, bairro, cidade, estado, cep ) VALUES ( 246, 'Rua dos Andradas', '875', '10º andar', 'Centro Histórico', 'Porto Alegre', 'RS', '90020004');
INSERT INTO curso_ecommerce.tb_endereco( codigo_endereco, logradouro, numero, complemento, bairro, cidade, estado, cep ) VALUES ( 247, 'Avenida Cristiano Machado', '1682', 'Loja 210', 'Cidade Nova', 'Belo Horizonte', 'MG', '31170800');
INSERT INTO curso_ecommerce.tb_endereco( codigo_endereco, logradouro, numero, complemento, bairro, cidade, estado, cep ) VALUES ( 248, 'Rua da Bahia', '1765', 'Sala 1205', 'Lourdes', 'Belo Horizonte', 'MG', '30160011');
INSERT INTO curso_ecommerce.tb_endereco( codigo_endereco, logradouro, numero, complemento, bairro, cidade, estado, cep ) VALUES ( 249, 'Avenida do Contorno', '5777', '17º andar', 'Funcionários', 'Belo Horizonte', 'MG', '30110035');
INSERT INTO curso_ecommerce.tb_endereco( codigo_endereco, logradouro, numero, complemento, bairro, cidade, estado, cep ) VALUES ( 250, 'Avenida Raja Gabaglia', '2671', 'Bloco B - Sala 503', 'Estoril', 'Belo Horizonte', 'MG', '30350540');
INSERT INTO curso_ecommerce.tb_endereco( codigo_endereco, logradouro, numero, complemento, bairro, cidade, estado, cep ) VALUES ( 251, 'Avenida Afonso Pena', '1500', '8º andar', 'Centro', 'Belo Horizonte', 'MG', '30130921');
INSERT INTO curso_ecommerce.tb_endereco( codigo_endereco, logradouro, numero, complemento, bairro, cidade, estado, cep ) VALUES ( 252, 'Rua Padre Eustáquio', '1133', 'Conjunto 405', 'Carlos Prates', 'Belo Horizonte', 'MG', '30720100');
INSERT INTO curso_ecommerce.tb_endereco( codigo_endereco, logradouro, numero, complemento, bairro, cidade, estado, cep ) VALUES ( 253, 'Rua Professor Morais', '726', null, 'Savassi', 'Belo Horizonte', 'MG', '30150370');
INSERT INTO curso_ecommerce.tb_endereco( codigo_endereco, logradouro, numero, complemento, bairro, cidade, estado, cep ) VALUES ( 254, 'Avenida Presidente Vargas', '2001', 'Sala 1801', 'Jardim América', 'Ribeirão Preto', 'SP', '14020260');
INSERT INTO curso_ecommerce.tb_endereco( codigo_endereco, logradouro, numero, complemento, bairro, cidade, estado, cep ) VALUES ( 255, 'Avenida Jornalista Roberto Marinho', '85', 'Torre 2 - 9º andar', 'Cidade Monções', 'São Paulo', 'SP', '04576010');
INSERT INTO curso_ecommerce.tb_endereco( codigo_endereco, logradouro, numero, complemento, bairro, cidade, estado, cep ) VALUES ( 256, 'Rua Desembargador Motta', '2200', 'Sala 516', 'Batel', 'Curitiba', 'PR', '80420190');
INSERT INTO curso_ecommerce.tb_endereco( codigo_endereco, logradouro, numero, complemento, bairro, cidade, estado, cep ) VALUES ( 257, 'Avenida Sete de Setembro', '4698', '15º andar', 'Batel', 'Curitiba', 'PR', '80240000');
INSERT INTO curso_ecommerce.tb_endereco( codigo_endereco, logradouro, numero, complemento, bairro, cidade, estado, cep ) VALUES ( 258, 'Avenida Iguaçu', '2820', 'Sala 1110', 'Água Verde', 'Curitiba', 'PR', '80240030');
INSERT INTO curso_ecommerce.tb_endereco( codigo_endereco, logradouro, numero, complemento, bairro, cidade, estado, cep ) VALUES ( 259, 'Rua Quintino Bocaiúva', '1257', 'Loja 02', 'Centro', 'Florianópolis', 'SC', '88010005');
INSERT INTO curso_ecommerce.tb_endereco( codigo_endereco, logradouro, numero, complemento, bairro, cidade, estado, cep ) VALUES ( 260, 'Avenida Beira Mar Norte', '1992', 'Sala 801', 'Centro', 'Florianópolis', 'SC', '88015400');
INSERT INTO curso_ecommerce.tb_endereco( codigo_endereco, logradouro, numero, complemento, bairro, cidade, estado, cep ) VALUES ( 261, 'Rua Felipe Schmidt', '775', '6º andar', 'Centro', 'Florianópolis', 'SC', '88010002');
INSERT INTO curso_ecommerce.tb_endereco( codigo_endereco, logradouro, numero, complemento, bairro, cidade, estado, cep ) VALUES ( 262, 'Avenida Treze de Maio', '1728', 'Sala 902', 'Fátima', 'Fortaleza', 'CE', '60040531');
INSERT INTO curso_ecommerce.tb_endereco( codigo_endereco, logradouro, numero, complemento, bairro, cidade, estado, cep ) VALUES ( 263, 'Avenida Dom Luís', '500', '15º andar', 'Aldeota', 'Fortaleza', 'CE', '60160230');
INSERT INTO curso_ecommerce.tb_endereco( codigo_endereco, logradouro, numero, complemento, bairro, cidade, estado, cep ) VALUES ( 264, 'Avenida Washington Soares', '1321', 'Bloco C - Sala 10', 'Edson Queiroz', 'Fortaleza', 'CE', '60811341');
INSERT INTO curso_ecommerce.tb_endereco( codigo_endereco, logradouro, numero, complemento, bairro, cidade, estado, cep ) VALUES ( 265, 'Avenida Tancredo Neves', '1632', 'Torre Norte - 10º andar', 'Caminho das Árvores', 'Salvador', 'BA', '41820020');
INSERT INTO curso_ecommerce.tb_endereco( codigo_endereco, logradouro, numero, complemento, bairro, cidade, estado, cep ) VALUES ( 266, 'Avenida Paralela', '3500', 'Sala 1205', 'Trobogy', 'Salvador', 'BA', '41820790');
INSERT INTO curso_ecommerce.tb_endereco( codigo_endereco, logradouro, numero, complemento, bairro, cidade, estado, cep ) VALUES ( 267, 'Avenida Antônio Carlos Magalhães', '2501', 'Edifício Profissional Center - 15º andar', 'Brotas', 'Salvador', 'BA', '40280000');
INSERT INTO curso_ecommerce.tb_endereco( codigo_endereco, logradouro, numero, complemento, bairro, cidade, estado, cep ) VALUES ( 268, 'Rua Padre Chagas', '342', 'Conjunto 302', 'Moinhos de Vento', 'Porto Alegre', 'RS', '90570080');
INSERT INTO curso_ecommerce.tb_endereco( codigo_endereco, logradouro, numero, complemento, bairro, cidade, estado, cep ) VALUES ( 269, 'Avenida Jerônimo Monteiro', '1000', 'Sala 705', 'Centro', 'Vitória', 'ES', '29010935');
INSERT INTO curso_ecommerce.tb_endereco( codigo_endereco, logradouro, numero, complemento, bairro, cidade, estado, cep ) VALUES ( 270, 'Avenida Nossa Senhora da Penha', '1800', 'Ed. Corporate - 18º andar', 'Santa Luíza', 'Vitória', 'ES', '29056250');
INSERT INTO curso_ecommerce.tb_endereco( codigo_endereco, logradouro, numero, complemento, bairro, cidade, estado, cep ) VALUES ( 271, 'Avenida João Pinheiro', '495', 'Sala 1103', 'Centro', 'Belo Horizonte', 'MG', '30130180');
INSERT INTO curso_ecommerce.tb_endereco( codigo_endereco, logradouro, numero, complemento, bairro, cidade, estado, cep ) VALUES ( 272, 'Rua Marques de São Vicente', '225', 'Sala 902', 'Gávea', 'Rio de Janeiro', 'RJ', '22451041');
INSERT INTO curso_ecommerce.tb_endereco( codigo_endereco, logradouro, numero, complemento, bairro, cidade, estado, cep ) VALUES ( 273, 'Rua do Comércio', '1924', 'Loja 12', 'Centro', 'Santos', 'SP', '11010031');
INSERT INTO curso_ecommerce.tb_endereco( codigo_endereco, logradouro, numero, complemento, bairro, cidade, estado, cep ) VALUES ( 274, 'Avenida Dom Pedro II', '350', '6º andar', 'Centro', 'João Pessoa', 'PB', '58013420');
INSERT INTO curso_ecommerce.tb_endereco( codigo_endereco, logradouro, numero, complemento, bairro, cidade, estado, cep ) VALUES ( 275, 'Avenida Agamenon Magalhães', '2997', 'Empresarial Queiroz Galvão - 9º andar', 'Boa Vista', 'Recife', 'PE', '50050290');
INSERT INTO curso_ecommerce.tb_endereco( codigo_endereco, logradouro, numero, complemento, bairro, cidade, estado, cep ) VALUES ( 276, 'Rua Padre Anchieta', '1846', 'Sala 505', 'Bigorrilho', 'Curitiba', 'PR', '80730000');
INSERT INTO curso_ecommerce.tb_endereco( codigo_endereco, logradouro, numero, complemento, bairro, cidade, estado, cep ) VALUES ( 277, 'Avenida Getúlio Vargas', '1420', 'Sala 801', 'Funcionários', 'Belo Horizonte', 'MG', '30112021');
INSERT INTO curso_ecommerce.tb_endereco( codigo_endereco, logradouro, numero, complemento, bairro, cidade, estado, cep ) VALUES ( 278, 'Avenida Paulista', '2300', 'Conjunto 56', 'Bela Vista', 'São Paulo', 'SP', '01310300');
INSERT INTO curso_ecommerce.tb_endereco( codigo_endereco, logradouro, numero, complemento, bairro, cidade, estado, cep ) VALUES ( 279, 'Rua José Paulino', '717', 'Loja 35', 'Bom Retiro', 'São Paulo', 'SP', '01120000');
INSERT INTO curso_ecommerce.tb_endereco( codigo_endereco, logradouro, numero, complemento, bairro, cidade, estado, cep ) VALUES ( 280, 'Avenida Marechal Floriano', '199', 'Sala 1001', 'Centro', 'Rio de Janeiro', 'RJ', '20080005');
INSERT INTO curso_ecommerce.tb_endereco( codigo_endereco, logradouro, numero, complemento, bairro, cidade, estado, cep ) VALUES ( 281, 'Rua Barão do Rio Branco', '2234', 'Sala 1203', 'Centro', 'Curitiba', 'PR', '80010180');
INSERT INTO curso_ecommerce.tb_endereco( codigo_endereco, logradouro, numero, complemento, bairro, cidade, estado, cep ) VALUES ( 282, 'Avenida Júlio de Castilhos', '44', '9º andar', 'Centro Histórico', 'Porto Alegre', 'RS', '90030130');
INSERT INTO curso_ecommerce.tb_endereco( codigo_endereco, logradouro, numero, complemento, bairro, cidade, estado, cep ) VALUES ( 283, 'Rua Halfeld', '651', 'Sala 201', 'Centro', 'Juiz de Fora', 'MG', '36010000');
INSERT INTO curso_ecommerce.tb_endereco( codigo_endereco, logradouro, numero, complemento, bairro, cidade, estado, cep ) VALUES ( 284, 'Avenida Alberto Andaló', '3700', 'Sala 804', 'Centro', 'São José do Rio Preto', 'SP', '15015000');
INSERT INTO curso_ecommerce.tb_endereco( codigo_endereco, logradouro, numero, complemento, bairro, cidade, estado, cep ) VALUES ( 285, 'Avenida Coronel José Soares Marcondes', '1200', 'Sala 15', 'Vila Maristela', 'Presidente Prudente', 'SP', '19013200');
INSERT INTO curso_ecommerce.tb_endereco( codigo_endereco, logradouro, numero, complemento, bairro, cidade, estado, cep ) VALUES ( 286, 'Rua XV de Novembro', '1299', 'Conjunto 802', 'Centro', 'Curitiba', 'PR', '80060000');
INSERT INTO curso_ecommerce.tb_endereco( codigo_endereco, logradouro, numero, complemento, bairro, cidade, estado, cep ) VALUES ( 287, 'Avenida Governador José Malcher', '937', 'Sala 1210', 'Nazaré', 'Belém', 'PA', '66055260');
INSERT INTO curso_ecommerce.tb_endereco( codigo_endereco, logradouro, numero, complemento, bairro, cidade, estado, cep ) VALUES ( 288, 'Avenida São Luís', '50', '10º andar', 'República', 'São Paulo', 'SP', '01046926');
INSERT INTO curso_ecommerce.tb_endereco( codigo_endereco, logradouro, numero, complemento, bairro, cidade, estado, cep ) VALUES ( 289, 'Rua Carlos Gomes', '1610', 'Sala 116', 'Santo Antônio', 'Belo Horizonte', 'MG', '30180180');
INSERT INTO curso_ecommerce.tb_endereco( codigo_endereco, logradouro, numero, complemento, bairro, cidade, estado, cep ) VALUES ( 290, 'Rua Marechal Deodoro', '630', 'Sala 2001', 'Centro', 'Curitiba', 'PR', '80010010');
INSERT INTO curso_ecommerce.tb_endereco( codigo_endereco, logradouro, numero, complemento, bairro, cidade, estado, cep ) VALUES ( 291, 'Avenida Visconde de Suassuna', '495', 'Sala 1305', 'Boa Vista', 'Recife', 'PE', '50050540');
INSERT INTO curso_ecommerce.tb_endereco( codigo_endereco, logradouro, numero, complemento, bairro, cidade, estado, cep ) VALUES ( 292, 'Rua Cândido Mendes', '802', 'Sobrado', 'Glória', 'Rio de Janeiro', 'RJ', '20241220');
INSERT INTO curso_ecommerce.tb_endereco( codigo_endereco, logradouro, numero, complemento, bairro, cidade, estado, cep ) VALUES ( 293, 'Avenida Bento Gonçalves', '2215', 'Sala 310', 'Partenon', 'Porto Alegre', 'RS', '90650001');
INSERT INTO curso_ecommerce.tb_endereco( codigo_endereco, logradouro, numero, complemento, bairro, cidade, estado, cep ) VALUES ( 294, 'Rua Estados Unidos', '2134', 'Sala 52', 'Jardim América', 'São Paulo', 'SP', '01427002');
INSERT INTO curso_ecommerce.tb_endereco( codigo_endereco, logradouro, numero, complemento, bairro, cidade, estado, cep ) VALUES ( 295, 'Avenida Nove de Julho', '4877', 'Torre A - 15º andar', 'Jardim Paulista', 'São Paulo', 'SP', '01407200');
INSERT INTO curso_ecommerce.tb_endereco( codigo_endereco, logradouro, numero, complemento, bairro, cidade, estado, cep ) VALUES ( 296, 'Rua Voluntários da Pátria', '89', 'Sala 602', 'Botafogo', 'Rio de Janeiro', 'RJ', '22270000');
INSERT INTO curso_ecommerce.tb_endereco( codigo_endereco, logradouro, numero, complemento, bairro, cidade, estado, cep ) VALUES ( 297, 'Avenida Professor Moraes Rego', '1235', 'UFPE - Centro de Informática', 'Cidade Universitária', 'Recife', 'PE', '50670901');
INSERT INTO curso_ecommerce.tb_endereco( codigo_endereco, logradouro, numero, complemento, bairro, cidade, estado, cep ) VALUES ( 298, 'Avenida Amazonas', '6745', 'Sala 1502', 'Gameleira', 'Belo Horizonte', 'MG', '30510000');
INSERT INTO curso_ecommerce.tb_endereco( codigo_endereco, logradouro, numero, complemento, bairro, cidade, estado, cep ) VALUES ( 299, 'Rua Fernandes Tourinho', '735', 'Sala 701', 'Lourdes', 'Belo Horizonte', 'MG', '30112000');
INSERT INTO curso_ecommerce.tb_endereco( codigo_endereco, logradouro, numero, complemento, bairro, cidade, estado, cep ) VALUES ( 300, 'Avenida Presidente Vargas', '435', 'Sala 1205', 'Centro', 'Rio de Janeiro', 'RJ', '20071001');
INSERT INTO curso_ecommerce.tb_endereco( codigo_endereco, logradouro, numero, complemento, bairro, cidade, estado, cep ) VALUES ( 301, 'Rua das Flores', '123', 'Sala 101', 'Centro', 'São Paulo', 'SP', '01001000');
INSERT INTO curso_ecommerce.tb_endereco( codigo_endereco, logradouro, numero, complemento, bairro, cidade, estado, cep ) VALUES ( 302, 'Avenida Brasil', '456', 'Loja 10', 'Jardins', 'São Paulo', 'SP', '01402000');
INSERT INTO curso_ecommerce.tb_endereco( codigo_endereco, logradouro, numero, complemento, bairro, cidade, estado, cep ) VALUES ( 303, 'Rua dos Andradas', '789', 'Galpão 3', 'Vila Mariana', 'São Paulo', 'SP', '04007010');
INSERT INTO curso_ecommerce.tb_endereco( codigo_endereco, logradouro, numero, complemento, bairro, cidade, estado, cep ) VALUES ( 304, 'Avenida Paulista', '1000', 'Conjunto 501', 'Bela Vista', 'São Paulo', 'SP', '01310100');
INSERT INTO curso_ecommerce.tb_endereco( codigo_endereco, logradouro, numero, complemento, bairro, cidade, estado, cep ) VALUES ( 305, 'Rua Augusta', '530', 'Loja 15', 'Consolação', 'São Paulo', 'SP', '01304000');
INSERT INTO curso_ecommerce.tb_endereco( codigo_endereco, logradouro, numero, complemento, bairro, cidade, estado, cep ) VALUES ( 306, 'Avenida Rebouças', '985', '2º Andar', 'Pinheiros', 'São Paulo', 'SP', '05402100');
INSERT INTO curso_ecommerce.tb_endereco( codigo_endereco, logradouro, numero, complemento, bairro, cidade, estado, cep ) VALUES ( 307, 'Rua Oscar Freire', '879', 'Loja 22', 'Jardim Paulista', 'São Paulo', 'SP', '01426001');
INSERT INTO curso_ecommerce.tb_endereco( codigo_endereco, logradouro, numero, complemento, bairro, cidade, estado, cep ) VALUES ( 308, 'Avenida Brigadeiro Faria Lima', '2170', 'Sala 304', 'Jardim Paulistano', 'São Paulo', 'SP', '01452000');
INSERT INTO curso_ecommerce.tb_endereco( codigo_endereco, logradouro, numero, complemento, bairro, cidade, estado, cep ) VALUES ( 309, 'Alameda Santos', '1293', 'Sala 701', 'Cerqueira César', 'São Paulo', 'SP', '01419001');
INSERT INTO curso_ecommerce.tb_endereco( codigo_endereco, logradouro, numero, complemento, bairro, cidade, estado, cep ) VALUES ( 310, 'Rua da Consolação', '1700', 'Bloco B', 'Consolação', 'São Paulo', 'SP', '01301100');
INSERT INTO curso_ecommerce.tb_endereco( codigo_endereco, logradouro, numero, complemento, bairro, cidade, estado, cep ) VALUES ( 311, 'Avenida Angélica', '2200', 'Loja 05', 'Higienópolis', 'São Paulo', 'SP', '01228200');
INSERT INTO curso_ecommerce.tb_endereco( codigo_endereco, logradouro, numero, complemento, bairro, cidade, estado, cep ) VALUES ( 312, 'Rua Haddock Lobo', '746', 'Loja Térrea', 'Cerqueira César', 'São Paulo', 'SP', '01414000');
INSERT INTO curso_ecommerce.tb_endereco( codigo_endereco, logradouro, numero, complemento, bairro, cidade, estado, cep ) VALUES ( 313, 'Rua 25 de Março', '950', 'Box 32', 'Centro', 'São Paulo', 'SP', '01021100');
INSERT INTO curso_ecommerce.tb_endereco( codigo_endereco, logradouro, numero, complemento, bairro, cidade, estado, cep ) VALUES ( 314, 'Avenida Ibirapuera', '1234', 'Loja 45', 'Moema', 'São Paulo', 'SP', '04029200');
INSERT INTO curso_ecommerce.tb_endereco( codigo_endereco, logradouro, numero, complemento, bairro, cidade, estado, cep ) VALUES ( 315, 'Rua Pamplona', '1005', 'Sala 807', 'Jardim Paulista', 'São Paulo', 'SP', '01405200');
INSERT INTO curso_ecommerce.tb_endereco( codigo_endereco, logradouro, numero, complemento, bairro, cidade, estado, cep ) VALUES ( 316, 'Rua Direita', '250', 'Loja 12', 'Centro', 'São Paulo', 'SP', '01002010');
INSERT INTO curso_ecommerce.tb_endereco( codigo_endereco, logradouro, numero, complemento, bairro, cidade, estado, cep ) VALUES ( 317, 'Avenida Santo Amaro', '1500', 'Conjunto 15', 'Vila Nova Conceição', 'São Paulo', 'SP', '04506000');
INSERT INTO curso_ecommerce.tb_endereco( codigo_endereco, logradouro, numero, complemento, bairro, cidade, estado, cep ) VALUES ( 318, 'Avenida Sumaré', '867', 'Sala 101', 'Perdizes', 'São Paulo', 'SP', '05016090');
INSERT INTO curso_ecommerce.tb_endereco( codigo_endereco, logradouro, numero, complemento, bairro, cidade, estado, cep ) VALUES ( 319, 'Rua Teodoro Sampaio', '954', 'Loja 3', 'Pinheiros', 'São Paulo', 'SP', '05406000');
INSERT INTO curso_ecommerce.tb_endereco( codigo_endereco, logradouro, numero, complemento, bairro, cidade, estado, cep ) VALUES ( 320, 'Avenida Cidade Jardim', '400', 'Conjunto 1021', 'Jardim Europa', 'São Paulo', 'SP', '01454000');
INSERT INTO curso_ecommerce.tb_endereco( codigo_endereco, logradouro, numero, complemento, bairro, cidade, estado, cep ) VALUES ( 321, 'Rua Barão de Itapetininga', '88', 'Loja 15', 'República', 'São Paulo', 'SP', '01042001');
INSERT INTO curso_ecommerce.tb_endereco( codigo_endereco, logradouro, numero, complemento, bairro, cidade, estado, cep ) VALUES ( 322, 'Rua João Cachoeira', '500', 'Loja 23', 'Itaim Bibi', 'São Paulo', 'SP', '04535001');
INSERT INTO curso_ecommerce.tb_endereco( codigo_endereco, logradouro, numero, complemento, bairro, cidade, estado, cep ) VALUES ( 323, 'Avenida Nove de Julho', '3000', 'Sala 505', 'Jardim Paulista', 'São Paulo', 'SP', '01406100');
INSERT INTO curso_ecommerce.tb_endereco( codigo_endereco, logradouro, numero, complemento, bairro, cidade, estado, cep ) VALUES ( 324, 'Rua Bela Cintra', '2000', 'Sala 1200', 'Consolação', 'São Paulo', 'SP', '01415002');
INSERT INTO curso_ecommerce.tb_endereco( codigo_endereco, logradouro, numero, complemento, bairro, cidade, estado, cep ) VALUES ( 325, 'Rua Domingos de Morais', '1200', 'Loja 10', 'Vila Mariana', 'São Paulo', 'SP', '04010100');
INSERT INTO curso_ecommerce.tb_endereco( codigo_endereco, logradouro, numero, complemento, bairro, cidade, estado, cep ) VALUES ( 326, 'Avenida Engenheiro Luís Carlos Berrini', '550', 'Sala 1802', 'Cidade Monções', 'São Paulo', 'SP', '04571000');
INSERT INTO curso_ecommerce.tb_endereco( codigo_endereco, logradouro, numero, complemento, bairro, cidade, estado, cep ) VALUES ( 327, 'Rua Frei Caneca', '900', 'Loja 22', 'Consolação', 'São Paulo', 'SP', '01307001');
INSERT INTO curso_ecommerce.tb_endereco( codigo_endereco, logradouro, numero, complemento, bairro, cidade, estado, cep ) VALUES ( 328, 'Avenida Giovanni Gronchi', '5411', 'Loja 105', 'Morumbi', 'São Paulo', 'SP', '05724001');
INSERT INTO curso_ecommerce.tb_endereco( codigo_endereco, logradouro, numero, complemento, bairro, cidade, estado, cep ) VALUES ( 329, 'Rua Voluntários da Pátria', '2468', 'Loja 15', 'Santana', 'São Paulo', 'SP', '02010800');
INSERT INTO curso_ecommerce.tb_endereco( codigo_endereco, logradouro, numero, complemento, bairro, cidade, estado, cep ) VALUES ( 330, 'Rua Clodomiro Amazonas', '249', 'Sala 608', 'Itaim Bibi', 'São Paulo', 'SP', '04537010');
INSERT INTO curso_ecommerce.tb_endereco( codigo_endereco, logradouro, numero, complemento, bairro, cidade, estado, cep ) VALUES ( 331, 'Rua Sete de Abril', '235', 'Loja 10', 'República', 'São Paulo', 'SP', '01044000');
INSERT INTO curso_ecommerce.tb_endereco( codigo_endereco, logradouro, numero, complemento, bairro, cidade, estado, cep ) VALUES ( 332, 'Avenida Europa', '158', 'Loja 12', 'Jardim Europa', 'São Paulo', 'SP', '01449000');
INSERT INTO curso_ecommerce.tb_endereco( codigo_endereco, logradouro, numero, complemento, bairro, cidade, estado, cep ) VALUES ( 333, 'Rua José Paulino', '700', 'Loja 45', 'Bom Retiro', 'São Paulo', 'SP', '01120000');
INSERT INTO curso_ecommerce.tb_endereco( codigo_endereco, logradouro, numero, complemento, bairro, cidade, estado, cep ) VALUES ( 334, 'Avenida Higienópolis', '618', 'Sala 201', 'Higienópolis', 'São Paulo', 'SP', '01238001');
INSERT INTO curso_ecommerce.tb_endereco( codigo_endereco, logradouro, numero, complemento, bairro, cidade, estado, cep ) VALUES ( 335, 'Rua Augusta', '1500', 'Loja 30', 'Consolação', 'São Paulo', 'SP', '01304001');
INSERT INTO curso_ecommerce.tb_endereco( codigo_endereco, logradouro, numero, complemento, bairro, cidade, estado, cep ) VALUES ( 336, 'Avenida Ipiranga', '200', 'Sala 810', 'República', 'São Paulo', 'SP', '01046010');
INSERT INTO curso_ecommerce.tb_endereco( codigo_endereco, logradouro, numero, complemento, bairro, cidade, estado, cep ) VALUES ( 337, 'Rua Cardeal Arcoverde', '2899', 'Loja 12', 'Pinheiros', 'São Paulo', 'SP', '05407001');
INSERT INTO curso_ecommerce.tb_endereco( codigo_endereco, logradouro, numero, complemento, bairro, cidade, estado, cep ) VALUES ( 338, 'Avenida Moema', '170', 'Loja 15', 'Moema', 'São Paulo', 'SP', '04077020');
INSERT INTO curso_ecommerce.tb_endereco( codigo_endereco, logradouro, numero, complemento, bairro, cidade, estado, cep ) VALUES ( 339, 'Rua Vergueiro', '1211', 'Sala 305', 'Vila Mariana', 'São Paulo', 'SP', '04101000');
INSERT INTO curso_ecommerce.tb_endereco( codigo_endereco, logradouro, numero, complemento, bairro, cidade, estado, cep ) VALUES ( 340, 'Avenida das Nações Unidas', '12901', 'Loja 2101', 'Brooklin', 'São Paulo', 'SP', '04578910');
INSERT INTO curso_ecommerce.tb_endereco( codigo_endereco, logradouro, numero, complemento, bairro, cidade, estado, cep ) VALUES ( 341, 'Rua Joaquim Floriano', '466', 'Sala 1908', 'Itaim Bibi', 'São Paulo', 'SP', '04534001');
INSERT INTO curso_ecommerce.tb_endereco( codigo_endereco, logradouro, numero, complemento, bairro, cidade, estado, cep ) VALUES ( 342, 'Avenida Morumbi', '8000', 'Loja 15', 'Morumbi', 'São Paulo', 'SP', '05650002');
INSERT INTO curso_ecommerce.tb_endereco( codigo_endereco, logradouro, numero, complemento, bairro, cidade, estado, cep ) VALUES ( 343, 'Rua Henrique Schaumann', '270', 'Loja 23', 'Pinheiros', 'São Paulo', 'SP', '05413010');
INSERT INTO curso_ecommerce.tb_endereco( codigo_endereco, logradouro, numero, complemento, bairro, cidade, estado, cep ) VALUES ( 344, 'Avenida Indianópolis', '3000', 'Loja 10', 'Planalto Paulista', 'São Paulo', 'SP', '04062001');
INSERT INTO curso_ecommerce.tb_endereco( codigo_endereco, logradouro, numero, complemento, bairro, cidade, estado, cep ) VALUES ( 345, 'Rua dos Pinheiros', '498', 'Sala 105', 'Pinheiros', 'São Paulo', 'SP', '05422001');
INSERT INTO curso_ecommerce.tb_endereco( codigo_endereco, logradouro, numero, complemento, bairro, cidade, estado, cep ) VALUES ( 346, 'Avenida Juscelino Kubitschek', '1900', 'Conjunto 221', 'Vila Nova Conceição', 'São Paulo', 'SP', '04543011');
INSERT INTO curso_ecommerce.tb_endereco( codigo_endereco, logradouro, numero, complemento, bairro, cidade, estado, cep ) VALUES ( 347, 'Rua Turiassu', '390', 'Loja 25', 'Perdizes', 'São Paulo', 'SP', '05005000');
INSERT INTO curso_ecommerce.tb_endereco( codigo_endereco, logradouro, numero, complemento, bairro, cidade, estado, cep ) VALUES ( 348, 'Avenida Pompeia', '1000', 'Loja 8', 'Pompeia', 'São Paulo', 'SP', '05022001');
INSERT INTO curso_ecommerce.tb_endereco( codigo_endereco, logradouro, numero, complemento, bairro, cidade, estado, cep ) VALUES ( 349, 'Rua Barra Funda', '1067', 'Loja 2', 'Barra Funda', 'São Paulo', 'SP', '01152000');
INSERT INTO curso_ecommerce.tb_endereco( codigo_endereco, logradouro, numero, complemento, bairro, cidade, estado, cep ) VALUES ( 350, 'Avenida Presidente Wilson', '1009', 'Sala 503', 'Mooca', 'São Paulo', 'SP', '03107001');
INSERT INTO curso_ecommerce.tb_endereco( codigo_endereco, logradouro, numero, complemento, bairro, cidade, estado, cep ) VALUES ( 351, 'Avenida Brasil', '1250', 'Sala 301', 'Centro', 'São Paulo', 'SP', '01234567');
INSERT INTO curso_ecommerce.tb_endereco( codigo_endereco, logradouro, numero, complemento, bairro, cidade, estado, cep ) VALUES ( 352, 'Rua das Flores', '458', 'Bloco B', 'Jardim América', 'Rio de Janeiro', 'RJ', '21098765');
INSERT INTO curso_ecommerce.tb_endereco( codigo_endereco, logradouro, numero, complemento, bairro, cidade, estado, cep ) VALUES ( 353, 'Alameda Santos', '789', 'Andar 5', 'Cerqueira César', 'Porto Alegre', 'RS', '90543210');
INSERT INTO curso_ecommerce.tb_endereco( codigo_endereco, logradouro, numero, complemento, bairro, cidade, estado, cep ) VALUES ( 354, 'Rua Coronel Oliveira', '102', 'Galpão 3', 'Boa Vista', 'Belo Horizonte', 'MG', '31256789');
INSERT INTO curso_ecommerce.tb_endereco( codigo_endereco, logradouro, numero, complemento, bairro, cidade, estado, cep ) VALUES ( 355, 'Avenida Paulista', '2500', 'Conjunto 1003', 'Bela Vista', 'Curitiba', 'PR', '80345678');
INSERT INTO curso_ecommerce.tb_endereco( codigo_endereco, logradouro, numero, complemento, bairro, cidade, estado, cep ) VALUES ( 356, 'Rua dos Ipês', '365', null, 'Jardim Botânico', 'Salvador', 'BA', '40987654');
INSERT INTO curso_ecommerce.tb_endereco( codigo_endereco, logradouro, numero, complemento, bairro, cidade, estado, cep ) VALUES ( 357, 'Avenida Getúlio Vargas', '1127', 'Loja 12', 'Centro', 'Recife', 'PE', '50123456');
INSERT INTO curso_ecommerce.tb_endereco( codigo_endereco, logradouro, numero, complemento, bairro, cidade, estado, cep ) VALUES ( 358, 'Rua Barão do Rio Branco', '555', 'Sala 210', 'Centro', 'Fortaleza', 'CE', '60876543');
INSERT INTO curso_ecommerce.tb_endereco( codigo_endereco, logradouro, numero, complemento, bairro, cidade, estado, cep ) VALUES ( 359, 'Travessa das Acácias', '74', null, 'Vila Nova', 'Manaus', 'AM', '69012345');
INSERT INTO curso_ecommerce.tb_endereco( codigo_endereco, logradouro, numero, complemento, bairro, cidade, estado, cep ) VALUES ( 360, 'Avenida Amazonas', '936', 'Andar 2', 'Santa Efigênia', 'Goiânia', 'GO', '74654321');
INSERT INTO curso_ecommerce.tb_endereco( codigo_endereco, logradouro, numero, complemento, bairro, cidade, estado, cep ) VALUES ( 361, 'Rua 15 de Novembro', '1050', 'Sala 505', 'Centro', 'Florianópolis', 'SC', '88765432');
INSERT INTO curso_ecommerce.tb_endereco( codigo_endereco, logradouro, numero, complemento, bairro, cidade, estado, cep ) VALUES ( 362, 'Avenida Afonso Pena', '712', null, 'Santa Efigênia', 'Campo Grande', 'MS', '79012345');
INSERT INTO curso_ecommerce.tb_endereco( codigo_endereco, logradouro, numero, complemento, bairro, cidade, estado, cep ) VALUES ( 363, 'Rua Dom Pedro II', '246', 'Loja 10', 'São Cristóvão', 'Cuiabá', 'MT', '78654321');
INSERT INTO curso_ecommerce.tb_endereco( codigo_endereco, logradouro, numero, complemento, bairro, cidade, estado, cep ) VALUES ( 364, 'Avenida Presidente Vargas', '2980', 'Galpão 5', 'Centro', 'Belém', 'PA', '66123456');
INSERT INTO curso_ecommerce.tb_endereco( codigo_endereco, logradouro, numero, complemento, bairro, cidade, estado, cep ) VALUES ( 365, 'Rua Duque de Caxias', '831', null, 'Centro', 'João Pessoa', 'PB', '58012345');
INSERT INTO curso_ecommerce.tb_endereco( codigo_endereco, logradouro, numero, complemento, bairro, cidade, estado, cep ) VALUES ( 366, 'Avenida Rio Branco', '1475', 'Sala 102', 'Centro', 'Aracaju', 'SE', '49087654');
INSERT INTO curso_ecommerce.tb_endereco( codigo_endereco, logradouro, numero, complemento, bairro, cidade, estado, cep ) VALUES ( 367, 'Rua Tiradentes', '390', 'Bloco C', 'Centro', 'Natal', 'RN', '59012345');
INSERT INTO curso_ecommerce.tb_endereco( codigo_endereco, logradouro, numero, complemento, bairro, cidade, estado, cep ) VALUES ( 368, 'Avenida Sete de Setembro', '629', 'Conjunto 301', 'Centro', 'Maceió', 'AL', '57654321');
INSERT INTO curso_ecommerce.tb_endereco( codigo_endereco, logradouro, numero, complemento, bairro, cidade, estado, cep ) VALUES ( 369, 'Rua Marechal Deodoro', '846', null, 'Centro', 'Teresina', 'PI', '64012345');
INSERT INTO curso_ecommerce.tb_endereco( codigo_endereco, logradouro, numero, complemento, bairro, cidade, estado, cep ) VALUES ( 370, 'Avenida Dom Manuel', '1198', 'Sala 15', 'Centro', 'Vitória', 'ES', '29076543');
INSERT INTO curso_ecommerce.tb_pessoa_juridica( codigo_pessoa_juridica, razao_social, nome_fantasia, cnpj ) VALUES ( 1, 'Silva & Associados Ltda', 'Silva Consultoria', '12345678901234');
INSERT INTO curso_ecommerce.tb_pessoa_juridica( codigo_pessoa_juridica, razao_social, nome_fantasia, cnpj ) VALUES ( 2, 'Santos Comércio de Alimentos S.A.', 'Supermercado Santos', '23456789012345');
INSERT INTO curso_ecommerce.tb_pessoa_juridica( codigo_pessoa_juridica, razao_social, nome_fantasia, cnpj ) VALUES ( 3, 'Oliveira Tecnologia Ltda', 'OliveiraTech', '34567890123456');
INSERT INTO curso_ecommerce.tb_pessoa_juridica( codigo_pessoa_juridica, razao_social, nome_fantasia, cnpj ) VALUES ( 4, 'Ferreira Indústria e Comércio Ltda', 'Indústrias Ferreira', '45678901234567');
INSERT INTO curso_ecommerce.tb_pessoa_juridica( codigo_pessoa_juridica, razao_social, nome_fantasia, cnpj ) VALUES ( 5, 'Costa Soluções Financeiras S.A.', 'Costa Finanças', '56789012345678');
INSERT INTO curso_ecommerce.tb_pessoa_juridica( codigo_pessoa_juridica, razao_social, nome_fantasia, cnpj ) VALUES ( 6, 'Almeida Construções Ltda', 'Almeida Construtora', '67890123456789');
INSERT INTO curso_ecommerce.tb_pessoa_juridica( codigo_pessoa_juridica, razao_social, nome_fantasia, cnpj ) VALUES ( 7, 'Lima Equipamentos Médicos Ltda', 'Lima Medical', '78901234567890');
INSERT INTO curso_ecommerce.tb_pessoa_juridica( codigo_pessoa_juridica, razao_social, nome_fantasia, cnpj ) VALUES ( 8, 'Martins Serviços Automotivos S.A.', 'Auto Martins', '89012345678901');
INSERT INTO curso_ecommerce.tb_pessoa_juridica( codigo_pessoa_juridica, razao_social, nome_fantasia, cnpj ) VALUES ( 9, 'Rodrigues Telecomunicações Ltda', 'Rodrigues Telecom', '90123456789012');
INSERT INTO curso_ecommerce.tb_pessoa_juridica( codigo_pessoa_juridica, razao_social, nome_fantasia, cnpj ) VALUES ( 10, 'Gomes Transportes e Logística S.A.', 'Transportadora Gomes', '01234567890123');
INSERT INTO curso_ecommerce.tb_pessoa_juridica( codigo_pessoa_juridica, razao_social, nome_fantasia, cnpj ) VALUES ( 11, 'Pereira Distribuidora de Alimentos Ltda', 'Distribuidora Pereira', '10234567890123');
INSERT INTO curso_ecommerce.tb_pessoa_juridica( codigo_pessoa_juridica, razao_social, nome_fantasia, cnpj ) VALUES ( 12, 'Souza Materiais de Construção S.A.', 'Souza Materiais', '20345678901234');
INSERT INTO curso_ecommerce.tb_pessoa_juridica( codigo_pessoa_juridica, razao_social, nome_fantasia, cnpj ) VALUES ( 13, 'Fernandes Imobiliária Ltda', 'Imóveis Fernandes', '30456789012345');
INSERT INTO curso_ecommerce.tb_pessoa_juridica( codigo_pessoa_juridica, razao_social, nome_fantasia, cnpj ) VALUES ( 14, 'Cardoso Software e Serviços Ltda', 'Cardoso IT Solutions', '40567890123456');
INSERT INTO curso_ecommerce.tb_pessoa_juridica( codigo_pessoa_juridica, razao_social, nome_fantasia, cnpj ) VALUES ( 15, 'Ribeiro Hotelaria S.A.', 'Hotéis Ribeiro', '50678901234567');
INSERT INTO curso_ecommerce.tb_pessoa_juridica( codigo_pessoa_juridica, razao_social, nome_fantasia, cnpj ) VALUES ( 16, 'Barbosa Eventos e Promoções Ltda', 'Barbosa Eventos', '60789012345678');
INSERT INTO curso_ecommerce.tb_pessoa_juridica( codigo_pessoa_juridica, razao_social, nome_fantasia, cnpj ) VALUES ( 17, 'Nascimento Farmacêutica Ltda', 'Farmácias Nascimento', '70890123456789');
INSERT INTO curso_ecommerce.tb_pessoa_juridica( codigo_pessoa_juridica, razao_social, nome_fantasia, cnpj ) VALUES ( 18, 'Campos Comunicação Visual Ltda', 'Campos Design', '80901234567890');
INSERT INTO curso_ecommerce.tb_pessoa_juridica( codigo_pessoa_juridica, razao_social, nome_fantasia, cnpj ) VALUES ( 19, 'Vieira Agropecuária S.A.', 'Agro Vieira', '90012345678901');
INSERT INTO curso_ecommerce.tb_pessoa_juridica( codigo_pessoa_juridica, razao_social, nome_fantasia, cnpj ) VALUES ( 20, 'Moreira Energia Sustentável Ltda', 'Moreira Energia', '00123456789012');
INSERT INTO curso_ecommerce.tb_pessoa_juridica( codigo_pessoa_juridica, razao_social, nome_fantasia, cnpj ) VALUES ( 21, 'Freitas Contabilidade e Assessoria Ltda', 'Contábil Freitas', '10234567890124');
INSERT INTO curso_ecommerce.tb_pessoa_juridica( codigo_pessoa_juridica, razao_social, nome_fantasia, cnpj ) VALUES ( 22, 'Andrade Segurança e Vigilância S.A.', 'Segurança Andrade', '20345678901235');
INSERT INTO curso_ecommerce.tb_pessoa_juridica( codigo_pessoa_juridica, razao_social, nome_fantasia, cnpj ) VALUES ( 23, 'Mendes Decoração e Design Ltda', 'Decorações Mendes', '30456789012346');
INSERT INTO curso_ecommerce.tb_pessoa_juridica( codigo_pessoa_juridica, razao_social, nome_fantasia, cnpj ) VALUES ( 24, 'Castro Equipamentos Industriais Ltda', 'Castro Industrial', '40567890123457');
INSERT INTO curso_ecommerce.tb_pessoa_juridica( codigo_pessoa_juridica, razao_social, nome_fantasia, cnpj ) VALUES ( 25, 'Carvalho Papel e Celulose S.A.', 'Papelaria Carvalho', '50678901234568');
INSERT INTO curso_ecommerce.tb_pessoa_juridica( codigo_pessoa_juridica, razao_social, nome_fantasia, cnpj ) VALUES ( 26, 'Duarte Engenharia Ltda', 'Engenharia Duarte', '60789012345679');
INSERT INTO curso_ecommerce.tb_pessoa_juridica( codigo_pessoa_juridica, razao_social, nome_fantasia, cnpj ) VALUES ( 27, 'Teixeira Consultoria Empresarial Ltda', 'Teixeira Consultores', '70890123456780');
INSERT INTO curso_ecommerce.tb_pessoa_juridica( codigo_pessoa_juridica, razao_social, nome_fantasia, cnpj ) VALUES ( 28, 'Rocha Móveis e Decorações S.A.', 'Móveis Rocha', '80901234567891');
INSERT INTO curso_ecommerce.tb_pessoa_juridica( codigo_pessoa_juridica, razao_social, nome_fantasia, cnpj ) VALUES ( 29, 'Correia Laboratório de Análises Ltda', 'Laboratório Correia', '90012345678902');
INSERT INTO curso_ecommerce.tb_pessoa_juridica( codigo_pessoa_juridica, razao_social, nome_fantasia, cnpj ) VALUES ( 30, 'Barros Máquinas e Ferramentas Ltda', 'Ferramentas Barros', '00123456789013');
INSERT INTO curso_ecommerce.tb_pessoa_juridica( codigo_pessoa_juridica, razao_social, nome_fantasia, cnpj ) VALUES ( 31, 'Santos Corretora de Seguros S.A.', 'Seguros Santos', '10234567890125');
INSERT INTO curso_ecommerce.tb_pessoa_juridica( codigo_pessoa_juridica, razao_social, nome_fantasia, cnpj ) VALUES ( 32, 'Pinto Advocacia Empresarial Ltda', 'Advocacia Pinto', '20345678901236');
INSERT INTO curso_ecommerce.tb_pessoa_juridica( codigo_pessoa_juridica, razao_social, nome_fantasia, cnpj ) VALUES ( 33, 'Marques Produtos Alimentícios Ltda', 'Alimentos Marques', '30456789012347');
INSERT INTO curso_ecommerce.tb_pessoa_juridica( codigo_pessoa_juridica, razao_social, nome_fantasia, cnpj ) VALUES ( 34, 'Cunha Importação e Exportação S.A.', 'Cunha Comex', '40567890123458');
INSERT INTO curso_ecommerce.tb_pessoa_juridica( codigo_pessoa_juridica, razao_social, nome_fantasia, cnpj ) VALUES ( 35, 'Melo Serviços Gráficos Ltda', 'Gráfica Melo', '50678901234569');
INSERT INTO curso_ecommerce.tb_pessoa_juridica( codigo_pessoa_juridica, razao_social, nome_fantasia, cnpj ) VALUES ( 36, 'Dias Desenvolvimento de Software Ltda', 'Dias Software', '60789012345670');
INSERT INTO curso_ecommerce.tb_pessoa_juridica( codigo_pessoa_juridica, razao_social, nome_fantasia, cnpj ) VALUES ( 37, 'Farias Soluções Ambientais S.A.', 'EcoFarias', '70890123456781');
INSERT INTO curso_ecommerce.tb_pessoa_juridica( codigo_pessoa_juridica, razao_social, nome_fantasia, cnpj ) VALUES ( 38, 'Machado Comércio Eletrônico Ltda', 'E-commerce Machado', '80901234567892');
INSERT INTO curso_ecommerce.tb_pessoa_juridica( codigo_pessoa_juridica, razao_social, nome_fantasia, cnpj ) VALUES ( 39, 'Lopes Artigos Esportivos Ltda', 'Esporte Lopes', '90012345678903');
INSERT INTO curso_ecommerce.tb_pessoa_juridica( codigo_pessoa_juridica, razao_social, nome_fantasia, cnpj ) VALUES ( 40, 'Xavier Serviços de Saúde S.A.', 'Clínica Xavier', '00123456789014');
INSERT INTO curso_ecommerce.tb_pessoa_juridica( codigo_pessoa_juridica, razao_social, nome_fantasia, cnpj ) VALUES ( 41, 'Borges Consultoria Jurídica Ltda', 'Jurídico Borges', '00000000000015');
INSERT INTO curso_ecommerce.tb_pessoa_juridica( codigo_pessoa_juridica, razao_social, nome_fantasia, cnpj ) VALUES ( 42, 'Viana Automação Industrial Ltda', 'Automação Viana', '00000000000016');
INSERT INTO curso_ecommerce.tb_pessoa_juridica( codigo_pessoa_juridica, razao_social, nome_fantasia, cnpj ) VALUES ( 43, 'Soares Comunicação e Marketing S.A.', 'Soares Marketing', '00000000000017');
INSERT INTO curso_ecommerce.tb_pessoa_juridica( codigo_pessoa_juridica, razao_social, nome_fantasia, cnpj ) VALUES ( 44, 'Peixoto Educação Profissional Ltda', 'Instituto Peixoto', '00000000000018');
INSERT INTO curso_ecommerce.tb_pessoa_juridica( codigo_pessoa_juridica, razao_social, nome_fantasia, cnpj ) VALUES ( 45, 'Silva Metais e Mineração Ltda', 'Mineradora Silva', '00000000000019');
INSERT INTO curso_ecommerce.tb_pessoa_juridica( codigo_pessoa_juridica, razao_social, nome_fantasia, cnpj ) VALUES ( 46, 'Oliveira Produtos Veterinários S.A.', 'Vet Oliveira', '00000000000020');
INSERT INTO curso_ecommerce.tb_pessoa_juridica( codigo_pessoa_juridica, razao_social, nome_fantasia, cnpj ) VALUES ( 47, 'Ferreira Recursos Humanos Ltda', 'RH Ferreira', '00000000000021');
INSERT INTO curso_ecommerce.tb_pessoa_juridica( codigo_pessoa_juridica, razao_social, nome_fantasia, cnpj ) VALUES ( 48, 'Costa Equipamentos Eletrônicos Ltda', 'Costa Eletrônicos', '00000000000022');
INSERT INTO curso_ecommerce.tb_pessoa_juridica( codigo_pessoa_juridica, razao_social, nome_fantasia, cnpj ) VALUES ( 49, 'Almeida Representações Comerciais S.A.', 'Representações Almeida', '00000000000023');
INSERT INTO curso_ecommerce.tb_pessoa_juridica( codigo_pessoa_juridica, razao_social, nome_fantasia, cnpj ) VALUES ( 50, 'Lima Serviços de Limpeza Ltda', 'Clean Lima', '00000000000024');
INSERT INTO curso_ecommerce.tb_pessoa_juridica( codigo_pessoa_juridica, razao_social, nome_fantasia, cnpj ) VALUES ( 51, 'Martins Indústria Têxtil Ltda', 'Têxtil Martins', '00000000000025');
INSERT INTO curso_ecommerce.tb_pessoa_juridica( codigo_pessoa_juridica, razao_social, nome_fantasia, cnpj ) VALUES ( 52, 'Rodrigues Serviços Funerários S.A.', 'Funerária Rodrigues', '00000000000026');
INSERT INTO curso_ecommerce.tb_pessoa_juridica( codigo_pessoa_juridica, razao_social, nome_fantasia, cnpj ) VALUES ( 53, 'Gomes Infraestrutura e Urbanismo Ltda', 'Urbanismo Gomes', '00000000000027');
INSERT INTO curso_ecommerce.tb_pessoa_juridica( codigo_pessoa_juridica, razao_social, nome_fantasia, cnpj ) VALUES ( 54, 'Pereira Reciclagem Industrial Ltda', 'Reciclagem Pereira', '00000000000028');
INSERT INTO curso_ecommerce.tb_pessoa_juridica( codigo_pessoa_juridica, razao_social, nome_fantasia, cnpj ) VALUES ( 55, 'Souza Soluções em TI S.A.', 'TI Souza', '00000000000029');
INSERT INTO curso_ecommerce.tb_pessoa_juridica( codigo_pessoa_juridica, razao_social, nome_fantasia, cnpj ) VALUES ( 56, 'Fernandes Produtos Químicos Ltda', 'Química Fernandes', '00000000000030');
INSERT INTO curso_ecommerce.tb_pessoa_juridica( codigo_pessoa_juridica, razao_social, nome_fantasia, cnpj ) VALUES ( 57, 'Cardoso Artigos para Festas Ltda', 'Festas Cardoso', '00000000000031');
INSERT INTO curso_ecommerce.tb_pessoa_juridica( codigo_pessoa_juridica, razao_social, nome_fantasia, cnpj ) VALUES ( 58, 'Ribeiro Beneficiamento de Couro S.A.', 'Couro Ribeiro', '00000000000032');
INSERT INTO curso_ecommerce.tb_pessoa_juridica( codigo_pessoa_juridica, razao_social, nome_fantasia, cnpj ) VALUES ( 59, 'Barbosa Comércio de Combustíveis Ltda', 'Posto Barbosa', '00000000000033');
INSERT INTO curso_ecommerce.tb_pessoa_juridica( codigo_pessoa_juridica, razao_social, nome_fantasia, cnpj ) VALUES ( 60, 'Nascimento Artigos para o Lar Ltda', 'Casa Nascimento', '00000000000034');
INSERT INTO curso_ecommerce.tb_pessoa_juridica( codigo_pessoa_juridica, razao_social, nome_fantasia, cnpj ) VALUES ( 61, 'Campos Serviços de Entrega Rápida S.A.', 'Express Campos', '00000000000035');
INSERT INTO curso_ecommerce.tb_pessoa_juridica( codigo_pessoa_juridica, razao_social, nome_fantasia, cnpj ) VALUES ( 62, 'Vieira Instalações Elétricas Ltda', 'Elétrica Vieira', '00000000000036');
INSERT INTO curso_ecommerce.tb_pessoa_juridica( codigo_pessoa_juridica, razao_social, nome_fantasia, cnpj ) VALUES ( 63, 'Moreira Desenvolvimento Web Ltda', 'Web Moreira', '00000000000037');
INSERT INTO curso_ecommerce.tb_pessoa_juridica( codigo_pessoa_juridica, razao_social, nome_fantasia, cnpj ) VALUES ( 64, 'Freitas Reflorestamento e Madeira S.A.', 'Madeireira Freitas', '00000000000038');
INSERT INTO curso_ecommerce.tb_pessoa_juridica( codigo_pessoa_juridica, razao_social, nome_fantasia, cnpj ) VALUES ( 65, 'Andrade Treinamento Corporativo Ltda', 'Andrade Treinamentos', '00000000000039');
INSERT INTO curso_ecommerce.tb_pessoa_juridica( codigo_pessoa_juridica, razao_social, nome_fantasia, cnpj ) VALUES ( 66, 'Mendes Fabricação de Móveis Planejados Ltda', 'Planejados Mendes', '00000000000040');
INSERT INTO curso_ecommerce.tb_pessoa_juridica( codigo_pessoa_juridica, razao_social, nome_fantasia, cnpj ) VALUES ( 67, 'Castro Equipamentos de Segurança S.A.', 'Segurança Castro', '00000000000041');
INSERT INTO curso_ecommerce.tb_pessoa_juridica( codigo_pessoa_juridica, razao_social, nome_fantasia, cnpj ) VALUES ( 68, 'Carvalho Consultoria em Gestão Ltda', 'Gestão Carvalho', '00000000000042');
INSERT INTO curso_ecommerce.tb_pessoa_juridica( codigo_pessoa_juridica, razao_social, nome_fantasia, cnpj ) VALUES ( 69, 'Duarte Produtos Naturais Ltda', 'Naturais Duarte', '00000000000043');
INSERT INTO curso_ecommerce.tb_pessoa_juridica( codigo_pessoa_juridica, razao_social, nome_fantasia, cnpj ) VALUES ( 70, 'Teixeira Embalagens Industriais S.A.', 'Embalagens Teixeira', '00000000000044');
INSERT INTO curso_ecommerce.tb_pessoa_juridica( codigo_pessoa_juridica, razao_social, nome_fantasia, cnpj ) VALUES ( 71, 'Rocha Comércio de Ferragens Ltda', 'Ferragens Rocha', '00000000000045');
INSERT INTO curso_ecommerce.tb_pessoa_juridica( codigo_pessoa_juridica, razao_social, nome_fantasia, cnpj ) VALUES ( 72, 'Correia Serviços Odontológicos Ltda', 'Odonto Correia', '00000000000046');
INSERT INTO curso_ecommerce.tb_pessoa_juridica( codigo_pessoa_juridica, razao_social, nome_fantasia, cnpj ) VALUES ( 73, 'Barros Distribuidora de Bebidas S.A.', 'Distribuidora Barros', '00000000000047');
INSERT INTO curso_ecommerce.tb_pessoa_juridica( codigo_pessoa_juridica, razao_social, nome_fantasia, cnpj ) VALUES ( 74, 'Santos Equipamentos Agrícolas Ltda', 'Agro Santos', '00000000000048');
INSERT INTO curso_ecommerce.tb_pessoa_juridica( codigo_pessoa_juridica, razao_social, nome_fantasia, cnpj ) VALUES ( 75, 'Pinto Locação de Veículos Ltda', 'Locadora Pinto', '00000000000049');
INSERT INTO curso_ecommerce.tb_pessoa_juridica( codigo_pessoa_juridica, razao_social, nome_fantasia, cnpj ) VALUES ( 76, 'Marques Confecções e Calçados S.A.', 'Confecções Marques', '00000000000050');
INSERT INTO curso_ecommerce.tb_pessoa_juridica( codigo_pessoa_juridica, razao_social, nome_fantasia, cnpj ) VALUES ( 77, 'Cunha Comércio de Informática Ltda', 'Informática Cunha', '00000000000051');
INSERT INTO curso_ecommerce.tb_pessoa_juridica( codigo_pessoa_juridica, razao_social, nome_fantasia, cnpj ) VALUES ( 78, 'Melo Assistência Técnica Ltda', 'Assistência Melo', '00000000000052');
INSERT INTO curso_ecommerce.tb_pessoa_juridica( codigo_pessoa_juridica, razao_social, nome_fantasia, cnpj ) VALUES ( 79, 'Dias Serviços Financeiros S.A.', 'Financeira Dias', '00000000000053');
INSERT INTO curso_ecommerce.tb_pessoa_juridica( codigo_pessoa_juridica, razao_social, nome_fantasia, cnpj ) VALUES ( 80, 'Farias Produtos de Beleza Ltda', 'Beleza Farias', '00000000000054');
INSERT INTO curso_ecommerce.tb_pessoa_juridica( codigo_pessoa_juridica, razao_social, nome_fantasia, cnpj ) VALUES ( 81, 'Machado Estúdio Fotográfico Ltda', 'Foto Machado', '00000000000055');
INSERT INTO curso_ecommerce.tb_pessoa_juridica( codigo_pessoa_juridica, razao_social, nome_fantasia, cnpj ) VALUES ( 82, 'Lopes Comércio de Vidros S.A.', 'Vidraçaria Lopes', '00000000000056');
INSERT INTO curso_ecommerce.tb_pessoa_juridica( codigo_pessoa_juridica, razao_social, nome_fantasia, cnpj ) VALUES ( 83, 'Xavier Equipamentos de Refrigeração Ltda', 'Refrigeração Xavier', '00000000000057');
INSERT INTO curso_ecommerce.tb_pessoa_juridica( codigo_pessoa_juridica, razao_social, nome_fantasia, cnpj ) VALUES ( 84, 'Borges Agência de Turismo Ltda', 'Turismo Borges', '00000000000058');
INSERT INTO curso_ecommerce.tb_pessoa_juridica( codigo_pessoa_juridica, razao_social, nome_fantasia, cnpj ) VALUES ( 85, 'Viana Instalações Hidráulicas S.A.', 'Hidráulica Viana', '00000000000059');
INSERT INTO curso_ecommerce.tb_pessoa_juridica( codigo_pessoa_juridica, razao_social, nome_fantasia, cnpj ) VALUES ( 86, 'Soares Comércio de Pneus Ltda', 'Pneus Soares', '00000000000060');
INSERT INTO curso_ecommerce.tb_pessoa_juridica( codigo_pessoa_juridica, razao_social, nome_fantasia, cnpj ) VALUES ( 87, 'Peixoto Consultoria Ambiental Ltda', 'Ambiental Peixoto', '00000000000061');
INSERT INTO curso_ecommerce.tb_pessoa_juridica( codigo_pessoa_juridica, razao_social, nome_fantasia, cnpj ) VALUES ( 88, 'Silva Produtos Hospitalares S.A.', 'Hospitalar Silva', '00000000000062');
INSERT INTO curso_ecommerce.tb_pessoa_juridica( codigo_pessoa_juridica, razao_social, nome_fantasia, cnpj ) VALUES ( 89, 'Oliveira Serviços de Jardinagem Ltda', 'Jardim Oliveira', '00000000000063');
INSERT INTO curso_ecommerce.tb_pessoa_juridica( codigo_pessoa_juridica, razao_social, nome_fantasia, cnpj ) VALUES ( 90, 'Ferreira Artigos Religiosos Ltda', 'Religiosos Ferreira', '00000000000064');
INSERT INTO curso_ecommerce.tb_pessoa_juridica( codigo_pessoa_juridica, razao_social, nome_fantasia, cnpj ) VALUES ( 91, 'Costa Serviços de Buffet S.A.', 'Buffet Costa', '00000000000065');
INSERT INTO curso_ecommerce.tb_pessoa_juridica( codigo_pessoa_juridica, razao_social, nome_fantasia, cnpj ) VALUES ( 92, 'Almeida Sistemas de Segurança Ltda', 'Segurança Almeida', '00000000000066');
INSERT INTO curso_ecommerce.tb_pessoa_juridica( codigo_pessoa_juridica, razao_social, nome_fantasia, cnpj ) VALUES ( 93, 'Lima Tecnologia da Informação Ltda', 'TI Lima', '00000000000067');
INSERT INTO curso_ecommerce.tb_pessoa_juridica( codigo_pessoa_juridica, razao_social, nome_fantasia, cnpj ) VALUES ( 94, 'Martins Serviços Contábeis S.A.', 'Contabilidade Martins', '00000000000068');
INSERT INTO curso_ecommerce.tb_pessoa_juridica( codigo_pessoa_juridica, razao_social, nome_fantasia, cnpj ) VALUES ( 95, 'Rodrigues Comercialização de Aço Ltda', 'Aço Rodrigues', '00000000000069');
INSERT INTO curso_ecommerce.tb_pessoa_juridica( codigo_pessoa_juridica, razao_social, nome_fantasia, cnpj ) VALUES ( 96, 'Gomes Comunicação Digital Ltda', 'Digital Gomes', '00000000000070');
INSERT INTO curso_ecommerce.tb_pessoa_juridica( codigo_pessoa_juridica, razao_social, nome_fantasia, cnpj ) VALUES ( 97, 'Pereira Comércio de Tintas S.A.', 'Tintas Pereira', '00000000000071');
INSERT INTO curso_ecommerce.tb_pessoa_juridica( codigo_pessoa_juridica, razao_social, nome_fantasia, cnpj ) VALUES ( 98, 'Souza Alimentos Orgânicos Ltda', 'Orgânicos Souza', '00000000000072');
INSERT INTO curso_ecommerce.tb_pessoa_juridica( codigo_pessoa_juridica, razao_social, nome_fantasia, cnpj ) VALUES ( 99, 'Fernandes Análises de Sistemas Ltda', 'Sistemas Fernandes', '00000000000073');
INSERT INTO curso_ecommerce.tb_pessoa_juridica( codigo_pessoa_juridica, razao_social, nome_fantasia, cnpj ) VALUES ( 100, 'Cardoso Engenharia Civil S.A.', 'Engenharia Cardoso', '00000000000074');
INSERT INTO curso_ecommerce.tb_pessoa_juridica( codigo_pessoa_juridica, razao_social, nome_fantasia, cnpj ) VALUES ( 101, 'Comercial ABC Ltda', 'ABC Comércio', '12345678901234');
INSERT INTO curso_ecommerce.tb_pessoa_juridica( codigo_pessoa_juridica, razao_social, nome_fantasia, cnpj ) VALUES ( 102, 'Nexus Tecnologia S.A.', 'Nexus Tech', '23456789012345');
INSERT INTO curso_ecommerce.tb_pessoa_juridica( codigo_pessoa_juridica, razao_social, nome_fantasia, cnpj ) VALUES ( 103, 'Global Suprimentos Ltda', 'Global Supplies', '34567890123456');
INSERT INTO curso_ecommerce.tb_pessoa_juridica( codigo_pessoa_juridica, razao_social, nome_fantasia, cnpj ) VALUES ( 104, 'Móveis Elegance Ltda', 'Elegance Móveis', '45678901234567');
INSERT INTO curso_ecommerce.tb_pessoa_juridica( codigo_pessoa_juridica, razao_social, nome_fantasia, cnpj ) VALUES ( 105, 'JR Eletrodomésticos Ltda', 'JR Eletro', '56789012345678');
INSERT INTO curso_ecommerce.tb_pessoa_juridica( codigo_pessoa_juridica, razao_social, nome_fantasia, cnpj ) VALUES ( 106, 'Esporte Total S.A.', 'Esporte Total', '67890123456789');
INSERT INTO curso_ecommerce.tb_pessoa_juridica( codigo_pessoa_juridica, razao_social, nome_fantasia, cnpj ) VALUES ( 107, 'Magazine Estrela Ltda', 'Estrela Magazine', '78901234567890');
INSERT INTO curso_ecommerce.tb_pessoa_juridica( codigo_pessoa_juridica, razao_social, nome_fantasia, cnpj ) VALUES ( 108, 'Infotech Soluções Ltda', 'Infotech', '89012345678901');
INSERT INTO curso_ecommerce.tb_pessoa_juridica( codigo_pessoa_juridica, razao_social, nome_fantasia, cnpj ) VALUES ( 109, 'Brinquedos Felizes S.A.', 'Happy Toys', '90123456789012');
INSERT INTO curso_ecommerce.tb_pessoa_juridica( codigo_pessoa_juridica, razao_social, nome_fantasia, cnpj ) VALUES ( 110, 'Decora Mais Ltda', 'Mais Decoração', '01234567890123');
INSERT INTO curso_ecommerce.tb_pessoa_juridica( codigo_pessoa_juridica, razao_social, nome_fantasia, cnpj ) VALUES ( 111, 'Fashion World Ltda', 'Fashion World', '12340987651234');
INSERT INTO curso_ecommerce.tb_pessoa_juridica( codigo_pessoa_juridica, razao_social, nome_fantasia, cnpj ) VALUES ( 112, 'Elite Materiais Esportivos S.A.', 'Elite Esportes', '23451098762345');
INSERT INTO curso_ecommerce.tb_pessoa_juridica( codigo_pessoa_juridica, razao_social, nome_fantasia, cnpj ) VALUES ( 113, 'Tech House Ltda', 'Casa da Tecnologia', '34562109873456');
INSERT INTO curso_ecommerce.tb_pessoa_juridica( codigo_pessoa_juridica, razao_social, nome_fantasia, cnpj ) VALUES ( 114, 'Moda Express Ltda', 'Express Moda', '45673210984567');
INSERT INTO curso_ecommerce.tb_pessoa_juridica( codigo_pessoa_juridica, razao_social, nome_fantasia, cnpj ) VALUES ( 115, 'Game Center S.A.', 'Game Center', '56784321095678');
INSERT INTO curso_ecommerce.tb_pessoa_juridica( codigo_pessoa_juridica, razao_social, nome_fantasia, cnpj ) VALUES ( 116, 'Eletrônicos Premium Ltda', 'Premium Eletro', '67895432106789');
INSERT INTO curso_ecommerce.tb_pessoa_juridica( codigo_pessoa_juridica, razao_social, nome_fantasia, cnpj ) VALUES ( 117, 'Papelaria Universitária Ltda', 'Uni Papelaria', '78906543217890');
INSERT INTO curso_ecommerce.tb_pessoa_juridica( codigo_pessoa_juridica, razao_social, nome_fantasia, cnpj ) VALUES ( 118, 'Mercado Digital S.A.', 'Digital Market', '89017654328901');
INSERT INTO curso_ecommerce.tb_pessoa_juridica( codigo_pessoa_juridica, razao_social, nome_fantasia, cnpj ) VALUES ( 119, 'Master Som Ltda', 'Master Sound', '90128765439012');
INSERT INTO curso_ecommerce.tb_pessoa_juridica( codigo_pessoa_juridica, razao_social, nome_fantasia, cnpj ) VALUES ( 120, 'Instrumentos Musicais Harmonia Ltda', 'Harmonia Musical', '01239876540123');
INSERT INTO curso_ecommerce.tb_pessoa_juridica( codigo_pessoa_juridica, razao_social, nome_fantasia, cnpj ) VALUES ( 121, 'SoftMaster Informática Ltda', 'SoftMaster', '12345678900987');
INSERT INTO curso_ecommerce.tb_pessoa_juridica( codigo_pessoa_juridica, razao_social, nome_fantasia, cnpj ) VALUES ( 122, 'Lar & Conforto Ltda', 'Lar & Conforto', '23456789001098');
INSERT INTO curso_ecommerce.tb_pessoa_juridica( codigo_pessoa_juridica, razao_social, nome_fantasia, cnpj ) VALUES ( 123, 'Esportes Radicais S.A.', 'Radical Sports', '34567890012109');
INSERT INTO curso_ecommerce.tb_pessoa_juridica( codigo_pessoa_juridica, razao_social, nome_fantasia, cnpj ) VALUES ( 124, 'Mundo da Cozinha Ltda', 'Cozinha & Cia', '45678900123210');
INSERT INTO curso_ecommerce.tb_pessoa_juridica( codigo_pessoa_juridica, razao_social, nome_fantasia, cnpj ) VALUES ( 125, 'Variedades TudoAqui Ltda', 'TudoAqui', '56789001234321');
INSERT INTO curso_ecommerce.tb_pessoa_juridica( codigo_pessoa_juridica, razao_social, nome_fantasia, cnpj ) VALUES ( 126, 'Livraria Cultura Ltda', 'LivraCultura', '67890012345432');
INSERT INTO curso_ecommerce.tb_pessoa_juridica( codigo_pessoa_juridica, razao_social, nome_fantasia, cnpj ) VALUES ( 127, 'Shop Celulares S.A.', 'Cell Shop', '78900123456543');
INSERT INTO curso_ecommerce.tb_pessoa_juridica( codigo_pessoa_juridica, razao_social, nome_fantasia, cnpj ) VALUES ( 128, 'Infantil Alegria Ltda', 'Alegria Kids', '89001234567654');
INSERT INTO curso_ecommerce.tb_pessoa_juridica( codigo_pessoa_juridica, razao_social, nome_fantasia, cnpj ) VALUES ( 129, 'Perfeito Acabamento Ltda', 'Acabamento Perfeito', '90012345678765');
INSERT INTO curso_ecommerce.tb_pessoa_juridica( codigo_pessoa_juridica, razao_social, nome_fantasia, cnpj ) VALUES ( 130, 'Eletroportáteis Smart Ltda', 'Smart Eletroportáteis', '00123456789876');
INSERT INTO curso_ecommerce.tb_pessoa_juridica( codigo_pessoa_juridica, razao_social, nome_fantasia, cnpj ) VALUES ( 131, 'Utilidades Criativas S.A.', 'Criativa Utilidades', '12345987601234');
INSERT INTO curso_ecommerce.tb_pessoa_juridica( codigo_pessoa_juridica, razao_social, nome_fantasia, cnpj ) VALUES ( 132, 'Ferramentas Profissionais Ltda', 'Pro Tools', '23456098712345');
INSERT INTO curso_ecommerce.tb_pessoa_juridica( codigo_pessoa_juridica, razao_social, nome_fantasia, cnpj ) VALUES ( 133, 'Variedades Shopping Ltda', 'Shop Variedades', '34567109823456');
INSERT INTO curso_ecommerce.tb_pessoa_juridica( codigo_pessoa_juridica, razao_social, nome_fantasia, cnpj ) VALUES ( 134, 'Arte em Decoração S.A.', 'Arte & Deco', '45678210934567');
INSERT INTO curso_ecommerce.tb_pessoa_juridica( codigo_pessoa_juridica, razao_social, nome_fantasia, cnpj ) VALUES ( 135, 'Sonho Infantil Ltda', 'Sonho Kids', '56789321045678');
INSERT INTO curso_ecommerce.tb_pessoa_juridica( codigo_pessoa_juridica, razao_social, nome_fantasia, cnpj ) VALUES ( 136, 'Digital Dreams S.A.', 'Digital Dreams', '67890432156789');
INSERT INTO curso_ecommerce.tb_pessoa_juridica( codigo_pessoa_juridica, razao_social, nome_fantasia, cnpj ) VALUES ( 137, 'Office Suprimentos Ltda', 'Office Supply', '78901543267890');
INSERT INTO curso_ecommerce.tb_pessoa_juridica( codigo_pessoa_juridica, razao_social, nome_fantasia, cnpj ) VALUES ( 138, 'Modern Life Ltda', 'Vida Moderna', '89012654378901');
INSERT INTO curso_ecommerce.tb_pessoa_juridica( codigo_pessoa_juridica, razao_social, nome_fantasia, cnpj ) VALUES ( 139, 'Pet Shop Amigos Ltda', 'Amigos Pet', '90123765489012');
INSERT INTO curso_ecommerce.tb_pessoa_juridica( codigo_pessoa_juridica, razao_social, nome_fantasia, cnpj ) VALUES ( 140, 'Mega Eletro S.A.', 'Mega Eletro', '01234876590123');
INSERT INTO curso_ecommerce.tb_pessoa_juridica( codigo_pessoa_juridica, razao_social, nome_fantasia, cnpj ) VALUES ( 141, 'Aqui Tem Tudo Ltda', 'AquiTem', '10293847561029');
INSERT INTO curso_ecommerce.tb_pessoa_juridica( codigo_pessoa_juridica, razao_social, nome_fantasia, cnpj ) VALUES ( 142, 'Completa Tecnologia S.A.', 'Completa Tech', '20384756172038');
INSERT INTO curso_ecommerce.tb_pessoa_juridica( codigo_pessoa_juridica, razao_social, nome_fantasia, cnpj ) VALUES ( 143, 'Fornecedores Unidos Ltda', 'Unidos Fornecimentos', '30475869283047');
INSERT INTO curso_ecommerce.tb_pessoa_juridica( codigo_pessoa_juridica, razao_social, nome_fantasia, cnpj ) VALUES ( 144, 'Virtual Presentes Ltda', 'Virtual Gifts', '40567980394056');
INSERT INTO curso_ecommerce.tb_pessoa_juridica( codigo_pessoa_juridica, razao_social, nome_fantasia, cnpj ) VALUES ( 145, 'Total Casa S.A.', 'Casa Total', '50678091405067');
INSERT INTO curso_ecommerce.tb_pessoa_juridica( codigo_pessoa_juridica, razao_social, nome_fantasia, cnpj ) VALUES ( 146, 'Super Oferta Ltda', 'Super Ofertas', '60789102516078');
INSERT INTO curso_ecommerce.tb_pessoa_juridica( codigo_pessoa_juridica, razao_social, nome_fantasia, cnpj ) VALUES ( 147, 'Atacado & Varejo Ltda', 'Atacarejo Brasil', '70891023627089');
INSERT INTO curso_ecommerce.tb_pessoa_juridica( codigo_pessoa_juridica, razao_social, nome_fantasia, cnpj ) VALUES ( 148, 'Planet Games S.A.', 'Planet Games', '80902134738090');
INSERT INTO curso_ecommerce.tb_pessoa_juridica( codigo_pessoa_juridica, razao_social, nome_fantasia, cnpj ) VALUES ( 149, 'Magazine Central Ltda', 'Central Magazine', '90013245849001');
INSERT INTO curso_ecommerce.tb_pessoa_juridica( codigo_pessoa_juridica, razao_social, nome_fantasia, cnpj ) VALUES ( 150, 'Equipamentos Industriais Tec Ltda', 'Tec Industrial', '01324356950132');
INSERT INTO curso_ecommerce.tb_pessoa_juridica( codigo_pessoa_juridica, razao_social, nome_fantasia, cnpj ) VALUES ( 151, 'Oliveira Materiais de Construcao Ltda', 'Constrular', '12345678901234');
INSERT INTO curso_ecommerce.tb_pessoa_juridica( codigo_pessoa_juridica, razao_social, nome_fantasia, cnpj ) VALUES ( 152, 'Silva & Filhos Alimentos Eireli', 'Delícias da Silva', '23456789012345');
INSERT INTO curso_ecommerce.tb_pessoa_juridica( codigo_pessoa_juridica, razao_social, nome_fantasia, cnpj ) VALUES ( 153, 'Souza Tecnologia S.A.', 'TechSouza', '34567890123456');
INSERT INTO curso_ecommerce.tb_pessoa_juridica( codigo_pessoa_juridica, razao_social, nome_fantasia, cnpj ) VALUES ( 154, 'Santos Confeccoes Ltda', 'ModaSantos', '45678901234567');
INSERT INTO curso_ecommerce.tb_pessoa_juridica( codigo_pessoa_juridica, razao_social, nome_fantasia, cnpj ) VALUES ( 155, 'Ferreira Farmaceutica Ltda', 'FarmaVida', '56789012345678');
INSERT INTO curso_ecommerce.tb_pessoa_juridica( codigo_pessoa_juridica, razao_social, nome_fantasia, cnpj ) VALUES ( 156, 'Costa Moveis e Decoracoes S.A.', 'DecorCosta', '67890123456789');
INSERT INTO curso_ecommerce.tb_pessoa_juridica( codigo_pessoa_juridica, razao_social, nome_fantasia, cnpj ) VALUES ( 157, 'Pereira Informatica Ltda', 'InfoPereira', '78901234567890');
INSERT INTO curso_ecommerce.tb_pessoa_juridica( codigo_pessoa_juridica, razao_social, nome_fantasia, cnpj ) VALUES ( 158, 'Ribeiro Automotivos Eireli', 'Auto Ribeiro', '89012345678901');
INSERT INTO curso_ecommerce.tb_pessoa_juridica( codigo_pessoa_juridica, razao_social, nome_fantasia, cnpj ) VALUES ( 159, 'Carvalho Supermercados S.A.', 'SuperCarvalho', '90123456789012');
INSERT INTO curso_ecommerce.tb_pessoa_juridica( codigo_pessoa_juridica, razao_social, nome_fantasia, cnpj ) VALUES ( 160, 'Almeida Eletrodomesticos Ltda', 'Eletro Almeida', '01234567890123');
INSERT INTO curso_ecommerce.tb_pessoa_juridica( codigo_pessoa_juridica, razao_social, nome_fantasia, cnpj ) VALUES ( 161, 'Lima Equipamentos Hospitalares Ltda', 'HospiLima', '98765432109876');
INSERT INTO curso_ecommerce.tb_pessoa_juridica( codigo_pessoa_juridica, razao_social, nome_fantasia, cnpj ) VALUES ( 162, 'Gomes Materiais de Escritorio Eireli', 'Office Gomes', '87654321098765');
INSERT INTO curso_ecommerce.tb_pessoa_juridica( codigo_pessoa_juridica, razao_social, nome_fantasia, cnpj ) VALUES ( 163, 'Martins Cosmeticos S.A.', 'Belle Martins', '76543210987654');
INSERT INTO curso_ecommerce.tb_pessoa_juridica( codigo_pessoa_juridica, razao_social, nome_fantasia, cnpj ) VALUES ( 164, 'Rodrigues Transportes Ltda', 'TransRod', '65432109876543');
INSERT INTO curso_ecommerce.tb_pessoa_juridica( codigo_pessoa_juridica, razao_social, nome_fantasia, cnpj ) VALUES ( 165, 'Fernandes Distribuidora Eireli', 'DistriFer', '54321098765432');
INSERT INTO curso_ecommerce.tb_pessoa_juridica( codigo_pessoa_juridica, razao_social, nome_fantasia, cnpj ) VALUES ( 166, 'Alves Brinquedos Ltda', 'Toy Alves', '43210987654321');
INSERT INTO curso_ecommerce.tb_pessoa_juridica( codigo_pessoa_juridica, razao_social, nome_fantasia, cnpj ) VALUES ( 167, 'Barbosa Suprimentos Industriais S.A.', 'IndusBar', '32109876543210');
INSERT INTO curso_ecommerce.tb_pessoa_juridica( codigo_pessoa_juridica, razao_social, nome_fantasia, cnpj ) VALUES ( 168, 'Cardoso Optica Ltda', 'Visão Cardoso', '21098765432109');
INSERT INTO curso_ecommerce.tb_pessoa_juridica( codigo_pessoa_juridica, razao_social, nome_fantasia, cnpj ) VALUES ( 169, 'Teixeira Pet Shop Eireli', 'PetTex', '10987654321098');
INSERT INTO curso_ecommerce.tb_pessoa_juridica( codigo_pessoa_juridica, razao_social, nome_fantasia, cnpj ) VALUES ( 170, 'Azevedo Materiais Esportivos Ltda', 'Sport Azevedo', '09876543210987');
INSERT INTO curso_ecommerce.tb_produto( codigo_produto, descricao, data_cadastro, codigo_departamento ) VALUES ( 1, 'Smartphone Galaxy A54', '2023-01-05', 3);
INSERT INTO curso_ecommerce.tb_produto( codigo_produto, descricao, data_cadastro, codigo_departamento ) VALUES ( 2, 'Notebook Dell Inspiron 15', '2023-01-07', 2);
INSERT INTO curso_ecommerce.tb_produto( codigo_produto, descricao, data_cadastro, codigo_departamento ) VALUES ( 3, 'Smart TV 55" 4K Samsung', '2023-01-08', 1);
INSERT INTO curso_ecommerce.tb_produto( codigo_produto, descricao, data_cadastro, codigo_departamento ) VALUES ( 4, 'Mouse Bluetooth Logitech', '2023-01-10', 2);
INSERT INTO curso_ecommerce.tb_produto( codigo_produto, descricao, data_cadastro, codigo_departamento ) VALUES ( 5, 'Geladeira Frost Free Brastemp', '2023-01-12', 4);
INSERT INTO curso_ecommerce.tb_produto( codigo_produto, descricao, data_cadastro, codigo_departamento ) VALUES ( 6, 'Fone de Ouvido JBL Wireless', '2023-01-15', 1);
INSERT INTO curso_ecommerce.tb_produto( codigo_produto, descricao, data_cadastro, codigo_departamento ) VALUES ( 7, 'Tênis Nike Running', '2023-01-18', 7);
INSERT INTO curso_ecommerce.tb_produto( codigo_produto, descricao, data_cadastro, codigo_departamento ) VALUES ( 8, 'Console PlayStation 5', '2023-01-20', 1);
INSERT INTO curso_ecommerce.tb_produto( codigo_produto, descricao, data_cadastro, codigo_departamento ) VALUES ( 9, 'Micro-ondas 30L Electrolux', '2023-01-22', 4);
INSERT INTO curso_ecommerce.tb_produto( codigo_produto, descricao, data_cadastro, codigo_departamento ) VALUES ( 10, 'Livro Dom Casmurro', '2023-01-25', 9);
INSERT INTO curso_ecommerce.tb_produto( codigo_produto, descricao, data_cadastro, codigo_departamento ) VALUES ( 11, 'Sofá 3 Lugares Cinza', '2023-01-27', 5);
INSERT INTO curso_ecommerce.tb_produto( codigo_produto, descricao, data_cadastro, codigo_departamento ) VALUES ( 12, 'Cafeteira Elétrica Philco', '2023-01-30', 4);
INSERT INTO curso_ecommerce.tb_produto( codigo_produto, descricao, data_cadastro, codigo_departamento ) VALUES ( 13, 'Tablet Samsung Galaxy Tab', '2023-02-02', 3);
INSERT INTO curso_ecommerce.tb_produto( codigo_produto, descricao, data_cadastro, codigo_departamento ) VALUES ( 14, 'Mochila Nike', '2023-02-05', 7);
INSERT INTO curso_ecommerce.tb_produto( codigo_produto, descricao, data_cadastro, codigo_departamento ) VALUES ( 15, 'Jogo de Panelas Tramontina', '2023-02-07', 4);
INSERT INTO curso_ecommerce.tb_produto( codigo_produto, descricao, data_cadastro, codigo_departamento ) VALUES ( 16, 'Conjunto Mesa e Cadeiras', '2023-02-10', 5);
INSERT INTO curso_ecommerce.tb_produto( codigo_produto, descricao, data_cadastro, codigo_departamento ) VALUES ( 17, 'Monitor 24" LG', '2023-02-12', 2);
INSERT INTO curso_ecommerce.tb_produto( codigo_produto, descricao, data_cadastro, codigo_departamento ) VALUES ( 18, 'Bola Oficial Futebol', '2023-02-15', 7);
INSERT INTO curso_ecommerce.tb_produto( codigo_produto, descricao, data_cadastro, codigo_departamento ) VALUES ( 19, 'Secador de Cabelo Taiff', '2023-02-18', 4);
INSERT INTO curso_ecommerce.tb_produto( codigo_produto, descricao, data_cadastro, codigo_departamento ) VALUES ( 20, 'Boneca Barbie', '2023-02-20', 8);
INSERT INTO curso_ecommerce.tb_produto( codigo_produto, descricao, data_cadastro, codigo_departamento ) VALUES ( 21, 'Kindle Paperwhite', '2023-02-22', 1);
INSERT INTO curso_ecommerce.tb_produto( codigo_produto, descricao, data_cadastro, codigo_departamento ) VALUES ( 22, 'Camisa Polo', '2023-02-25', 10);
INSERT INTO curso_ecommerce.tb_produto( codigo_produto, descricao, data_cadastro, codigo_departamento ) VALUES ( 23, 'Ventilador de Mesa', '2023-02-28', 4);
INSERT INTO curso_ecommerce.tb_produto( codigo_produto, descricao, data_cadastro, codigo_departamento ) VALUES ( 24, 'Quebra-cabeça 1000 peças', '2023-03-03', 8);
INSERT INTO curso_ecommerce.tb_produto( codigo_produto, descricao, data_cadastro, codigo_departamento ) VALUES ( 25, 'Cadeira de Escritório', '2023-03-05', 5);
INSERT INTO curso_ecommerce.tb_produto( codigo_produto, descricao, data_cadastro, codigo_departamento ) VALUES ( 26, 'Caixa de Som Bluetooth JBL', '2023-03-08', 1);
INSERT INTO curso_ecommerce.tb_produto( codigo_produto, descricao, data_cadastro, codigo_departamento ) VALUES ( 27, 'Raquete de Tênis', '2023-03-10', 7);
INSERT INTO curso_ecommerce.tb_produto( codigo_produto, descricao, data_cadastro, codigo_departamento ) VALUES ( 28, 'Lâmpada Inteligente', '2023-03-12', 6);
INSERT INTO curso_ecommerce.tb_produto( codigo_produto, descricao, data_cadastro, codigo_departamento ) VALUES ( 29, 'Purificador de Água', '2023-03-15', 4);
INSERT INTO curso_ecommerce.tb_produto( codigo_produto, descricao, data_cadastro, codigo_departamento ) VALUES ( 30, 'Livro O Pequeno Príncipe', '2023-03-18', 9);
INSERT INTO curso_ecommerce.tb_produto( codigo_produto, descricao, data_cadastro, codigo_departamento ) VALUES ( 31, 'Teclado Mecânico', '2023-03-20', 2);
INSERT INTO curso_ecommerce.tb_produto( codigo_produto, descricao, data_cadastro, codigo_departamento ) VALUES ( 32, 'Fritadeira Air Fryer', '2023-03-22', 4);
INSERT INTO curso_ecommerce.tb_produto( codigo_produto, descricao, data_cadastro, codigo_departamento ) VALUES ( 33, 'Câmera Digital Canon', '2023-03-25', 1);
INSERT INTO curso_ecommerce.tb_produto( codigo_produto, descricao, data_cadastro, codigo_departamento ) VALUES ( 34, 'Vestido Estampado', '2023-03-28', 10);
INSERT INTO curso_ecommerce.tb_produto( codigo_produto, descricao, data_cadastro, codigo_departamento ) VALUES ( 35, 'Fone de Ouvido Bluetooth', '2023-03-30', 1);
INSERT INTO curso_ecommerce.tb_produto( codigo_produto, descricao, data_cadastro, codigo_departamento ) VALUES ( 36, 'Colchão Casal Ortopédico', '2023-04-02', 5);
INSERT INTO curso_ecommerce.tb_produto( codigo_produto, descricao, data_cadastro, codigo_departamento ) VALUES ( 37, 'Relógio de Parede', '2023-04-05', 6);
INSERT INTO curso_ecommerce.tb_produto( codigo_produto, descricao, data_cadastro, codigo_departamento ) VALUES ( 38, 'Smartphone Motorola G22', '2023-04-08', 3);
INSERT INTO curso_ecommerce.tb_produto( codigo_produto, descricao, data_cadastro, codigo_departamento ) VALUES ( 39, 'Bicicleta Aro 29', '2023-04-10', 7);
INSERT INTO curso_ecommerce.tb_produto( codigo_produto, descricao, data_cadastro, codigo_departamento ) VALUES ( 40, 'Bandeja Decorativa', '2023-04-12', 6);
INSERT INTO curso_ecommerce.tb_produto( codigo_produto, descricao, data_cadastro, codigo_departamento ) VALUES ( 41, 'Carregador Portátil', '2023-04-15', 3);
INSERT INTO curso_ecommerce.tb_produto( codigo_produto, descricao, data_cadastro, codigo_departamento ) VALUES ( 42, 'Patins Inline', '2023-04-18', 7);
INSERT INTO curso_ecommerce.tb_produto( codigo_produto, descricao, data_cadastro, codigo_departamento ) VALUES ( 43, 'Guarda-roupa 6 Portas', '2023-04-20', 5);
INSERT INTO curso_ecommerce.tb_produto( codigo_produto, descricao, data_cadastro, codigo_departamento ) VALUES ( 44, 'Livro Harry Potter', '2023-04-22', 9);
INSERT INTO curso_ecommerce.tb_produto( codigo_produto, descricao, data_cadastro, codigo_departamento ) VALUES ( 45, 'Liquidificador Philips', '2023-04-25', 4);
INSERT INTO curso_ecommerce.tb_produto( codigo_produto, descricao, data_cadastro, codigo_departamento ) VALUES ( 46, 'Caixa de Ferramentas', '2023-04-28', 5);
INSERT INTO curso_ecommerce.tb_produto( codigo_produto, descricao, data_cadastro, codigo_departamento ) VALUES ( 47, 'Jogo de Toalhas', '2023-04-30', 6);
INSERT INTO curso_ecommerce.tb_produto( codigo_produto, descricao, data_cadastro, codigo_departamento ) VALUES ( 48, 'Webcam HD', '2023-05-03', 2);
INSERT INTO curso_ecommerce.tb_produto( codigo_produto, descricao, data_cadastro, codigo_departamento ) VALUES ( 49, 'Mala de Viagem Grande', '2023-05-05', 10);
INSERT INTO curso_ecommerce.tb_produto( codigo_produto, descricao, data_cadastro, codigo_departamento ) VALUES ( 50, 'Aspirador de Pó Robô', '2023-05-08', 4);
INSERT INTO curso_ecommerce.tb_produto( codigo_produto, descricao, data_cadastro, codigo_departamento ) VALUES ( 51, 'Kit Teclado e Mouse Wireless', '2023-05-10', 2);
INSERT INTO curso_ecommerce.tb_produto( codigo_produto, descricao, data_cadastro, codigo_departamento ) VALUES ( 52, 'Jogo de Tabuleiro Banco Imobiliário', '2023-05-12', 8);
INSERT INTO curso_ecommerce.tb_produto( codigo_produto, descricao, data_cadastro, codigo_departamento ) VALUES ( 53, 'Jogo de Copos 6 Peças', '2023-05-15', 6);
INSERT INTO curso_ecommerce.tb_produto( codigo_produto, descricao, data_cadastro, codigo_departamento ) VALUES ( 54, 'Headset Gamer', '2023-05-18', 2);
INSERT INTO curso_ecommerce.tb_produto( codigo_produto, descricao, data_cadastro, codigo_departamento ) VALUES ( 55, 'Smart Watch Samsung', '2023-05-20', 3);
INSERT INTO curso_ecommerce.tb_produto( codigo_produto, descricao, data_cadastro, codigo_departamento ) VALUES ( 56, 'Churrasqueira Elétrica', '2023-05-22', 4);
INSERT INTO curso_ecommerce.tb_produto( codigo_produto, descricao, data_cadastro, codigo_departamento ) VALUES ( 57, 'Almofada Decorativa', '2023-05-25', 6);
INSERT INTO curso_ecommerce.tb_produto( codigo_produto, descricao, data_cadastro, codigo_departamento ) VALUES ( 58, 'Batedeira Planetária', '2023-05-28', 4);
INSERT INTO curso_ecommerce.tb_produto( codigo_produto, descricao, data_cadastro, codigo_departamento ) VALUES ( 59, 'Calça Jeans Masculina', '2023-05-30', 10);
INSERT INTO curso_ecommerce.tb_produto( codigo_produto, descricao, data_cadastro, codigo_departamento ) VALUES ( 60, 'HD Externo 1TB', '2023-06-02', 2);
INSERT INTO curso_ecommerce.tb_produto( codigo_produto, descricao, data_cadastro, codigo_departamento ) VALUES ( 61, 'Cadeira de Praia', '2023-06-05', 7);
INSERT INTO curso_ecommerce.tb_produto( codigo_produto, descricao, data_cadastro, codigo_departamento ) VALUES ( 62, 'Porta-retratos', '2023-06-08', 6);
INSERT INTO curso_ecommerce.tb_produto( codigo_produto, descricao, data_cadastro, codigo_departamento ) VALUES ( 63, 'Impressora Multifuncional', '2023-06-10', 2);
INSERT INTO curso_ecommerce.tb_produto( codigo_produto, descricao, data_cadastro, codigo_departamento ) VALUES ( 64, 'Patinete Infantil', '2023-06-12', 8);
INSERT INTO curso_ecommerce.tb_produto( codigo_produto, descricao, data_cadastro, codigo_departamento ) VALUES ( 65, 'Jaqueta Corta Vento', '2023-06-15', 10);
INSERT INTO curso_ecommerce.tb_produto( codigo_produto, descricao, data_cadastro, codigo_departamento ) VALUES ( 66, 'Aquecedor Elétrico', '2023-06-18', 4);
INSERT INTO curso_ecommerce.tb_produto( codigo_produto, descricao, data_cadastro, codigo_departamento ) VALUES ( 67, 'Cooktop 4 Bocas', '2023-06-20', 4);
INSERT INTO curso_ecommerce.tb_produto( codigo_produto, descricao, data_cadastro, codigo_departamento ) VALUES ( 68, 'SSD 480GB', '2023-06-22', 2);
INSERT INTO curso_ecommerce.tb_produto( codigo_produto, descricao, data_cadastro, codigo_departamento ) VALUES ( 69, 'Cobertor Casal', '2023-06-25', 6);
INSERT INTO curso_ecommerce.tb_produto( codigo_produto, descricao, data_cadastro, codigo_departamento ) VALUES ( 70, 'Varal de Chão', '2023-06-28', 6);
INSERT INTO curso_ecommerce.tb_produto( codigo_produto, descricao, data_cadastro, codigo_departamento ) VALUES ( 71, 'Filtro de Linha', '2023-06-30', 1);
INSERT INTO curso_ecommerce.tb_produto( codigo_produto, descricao, data_cadastro, codigo_departamento ) VALUES ( 72, 'Mochila Escolar', '2023-07-03', 9);
INSERT INTO curso_ecommerce.tb_produto( codigo_produto, descricao, data_cadastro, codigo_departamento ) VALUES ( 73, 'Par de Halteres 5kg', '2023-07-05', 7);
INSERT INTO curso_ecommerce.tb_produto( codigo_produto, descricao, data_cadastro, codigo_departamento ) VALUES ( 74, 'Sanduicheira Grill', '2023-07-08', 4);
INSERT INTO curso_ecommerce.tb_produto( codigo_produto, descricao, data_cadastro, codigo_departamento ) VALUES ( 75, 'Colcha de Cama Casal', '2023-07-10', 6);
INSERT INTO curso_ecommerce.tb_produto( codigo_produto, descricao, data_cadastro, codigo_departamento ) VALUES ( 76, 'Cartão de Memória 64GB', '2023-07-12', 3);
INSERT INTO curso_ecommerce.tb_produto( codigo_produto, descricao, data_cadastro, codigo_departamento ) VALUES ( 77, 'Bola de Basquete', '2023-07-15', 7);
INSERT INTO curso_ecommerce.tb_produto( codigo_produto, descricao, data_cadastro, codigo_departamento ) VALUES ( 78, 'Estante para Livros', '2023-07-18', 5);
INSERT INTO curso_ecommerce.tb_produto( codigo_produto, descricao, data_cadastro, codigo_departamento ) VALUES ( 79, 'Carregador de Celular', '2023-07-20', 3);
INSERT INTO curso_ecommerce.tb_produto( codigo_produto, descricao, data_cadastro, codigo_departamento ) VALUES ( 80, 'Pula Corda', '2023-07-22', 7);
INSERT INTO curso_ecommerce.tb_produto( codigo_produto, descricao, data_cadastro, codigo_departamento ) VALUES ( 81, 'Ferro de Passar Roupa', '2023-07-25', 4);
INSERT INTO curso_ecommerce.tb_produto( codigo_produto, descricao, data_cadastro, codigo_departamento ) VALUES ( 82, 'Sapateira', '2023-07-28', 5);
INSERT INTO curso_ecommerce.tb_produto( codigo_produto, descricao, data_cadastro, codigo_departamento ) VALUES ( 83, 'Pen Drive 32GB', '2023-07-30', 2);
INSERT INTO curso_ecommerce.tb_produto( codigo_produto, descricao, data_cadastro, codigo_departamento ) VALUES ( 84, 'Brinquedo Educativo Montessori', '2023-08-02', 8);
INSERT INTO curso_ecommerce.tb_produto( codigo_produto, descricao, data_cadastro, codigo_departamento ) VALUES ( 85, 'Protetor Solar FPS 50', '2023-08-05', 10);
INSERT INTO curso_ecommerce.tb_produto( codigo_produto, descricao, data_cadastro, codigo_departamento ) VALUES ( 86, 'Processador de Alimentos', '2023-08-08', 4);
INSERT INTO curso_ecommerce.tb_produto( codigo_produto, descricao, data_cadastro, codigo_departamento ) VALUES ( 87, 'Lençol Casal', '2023-08-10', 6);
INSERT INTO curso_ecommerce.tb_produto( codigo_produto, descricao, data_cadastro, codigo_departamento ) VALUES ( 88, 'Chaleira Elétrica', '2023-08-12', 4);
INSERT INTO curso_ecommerce.tb_produto( codigo_produto, descricao, data_cadastro, codigo_departamento ) VALUES ( 89, 'Mouse Pad Gamer', '2023-08-15', 2);
INSERT INTO curso_ecommerce.tb_produto( codigo_produto, descricao, data_cadastro, codigo_departamento ) VALUES ( 90, 'Chapéu de Praia', '2023-08-18', 10);
INSERT INTO curso_ecommerce.tb_produto( codigo_produto, descricao, data_cadastro, codigo_departamento ) VALUES ( 91, 'Cama Box Queen', '2023-08-20', 5);
INSERT INTO curso_ecommerce.tb_produto( codigo_produto, descricao, data_cadastro, codigo_departamento ) VALUES ( 92, 'Aparelho de Barbear', '2023-08-22', 10);
INSERT INTO curso_ecommerce.tb_produto( codigo_produto, descricao, data_cadastro, codigo_departamento ) VALUES ( 93, 'Mesa para Notebook', '2023-08-25', 5);
INSERT INTO curso_ecommerce.tb_produto( codigo_produto, descricao, data_cadastro, codigo_departamento ) VALUES ( 94, 'Carrinho de Controle Remoto', '2023-08-28', 8);
INSERT INTO curso_ecommerce.tb_produto( codigo_produto, descricao, data_cadastro, codigo_departamento ) VALUES ( 95, 'Prato Decorativo', '2023-08-30', 6);
INSERT INTO curso_ecommerce.tb_produto( codigo_produto, descricao, data_cadastro, codigo_departamento ) VALUES ( 96, 'Torneira Elétrica', '2023-09-02', 4);
INSERT INTO curso_ecommerce.tb_produto( codigo_produto, descricao, data_cadastro, codigo_departamento ) VALUES ( 97, 'Blusa Feminina', '2023-09-05', 10);
INSERT INTO curso_ecommerce.tb_produto( codigo_produto, descricao, data_cadastro, codigo_departamento ) VALUES ( 98, 'Óculos de Sol', '2023-09-08', 10);
INSERT INTO curso_ecommerce.tb_produto( codigo_produto, descricao, data_cadastro, codigo_departamento ) VALUES ( 99, 'Escova de Dentes Elétrica', '2023-09-10', 4);
INSERT INTO curso_ecommerce.tb_produto( codigo_produto, descricao, data_cadastro, codigo_departamento ) VALUES ( 100, 'Suporte para TV', '2023-09-12', 5);
INSERT INTO curso_ecommerce.tb_produto( codigo_produto, descricao, data_cadastro, codigo_departamento ) VALUES ( 101, 'Globo Terrestre', '2023-09-15', 9);
INSERT INTO curso_ecommerce.tb_produto( codigo_produto, descricao, data_cadastro, codigo_departamento ) VALUES ( 102, 'Lanterna Recarregável', '2023-09-18', 1);
INSERT INTO curso_ecommerce.tb_produto( codigo_produto, descricao, data_cadastro, codigo_departamento ) VALUES ( 103, 'Controle para Smart TV', '2023-09-20', 1);
INSERT INTO curso_ecommerce.tb_produto( codigo_produto, descricao, data_cadastro, codigo_departamento ) VALUES ( 104, 'Umidificador de Ar', '2023-09-22', 4);
INSERT INTO curso_ecommerce.tb_produto( codigo_produto, descricao, data_cadastro, codigo_departamento ) VALUES ( 105, 'Aparador de Grama', '2023-09-25', 5);
INSERT INTO curso_ecommerce.tb_produto( codigo_produto, descricao, data_cadastro, codigo_departamento ) VALUES ( 106, 'Meia Masculina', '2023-09-28', 10);
INSERT INTO curso_ecommerce.tb_produto( codigo_produto, descricao, data_cadastro, codigo_departamento ) VALUES ( 107, 'Conjunto de Ferramentas', '2023-09-30', 5);
INSERT INTO curso_ecommerce.tb_produto( codigo_produto, descricao, data_cadastro, codigo_departamento ) VALUES ( 108, 'Capa para Notebook', '2023-10-03', 2);
INSERT INTO curso_ecommerce.tb_produto( codigo_produto, descricao, data_cadastro, codigo_departamento ) VALUES ( 109, 'Balança de Cozinha Digital', '2023-10-05', 4);
INSERT INTO curso_ecommerce.tb_produto( codigo_produto, descricao, data_cadastro, codigo_departamento ) VALUES ( 110, 'Tênis Corrida Feminino', '2023-10-08', 7);
INSERT INTO curso_ecommerce.tb_produto( codigo_produto, descricao, data_cadastro, codigo_departamento ) VALUES ( 111, 'Organizador de Gavetas', '2023-10-10', 6);
INSERT INTO curso_ecommerce.tb_produto( codigo_produto, descricao, data_cadastro, codigo_departamento ) VALUES ( 112, 'Power Bank 10000mAh', '2023-10-12', 3);
INSERT INTO curso_ecommerce.tb_produto( codigo_produto, descricao, data_cadastro, codigo_departamento ) VALUES ( 113, 'Tapete para Sala', '2023-10-15', 6);
INSERT INTO curso_ecommerce.tb_produto( codigo_produto, descricao, data_cadastro, codigo_departamento ) VALUES ( 114, 'Faca de Cozinha Profissional', '2023-10-18', 4);
INSERT INTO curso_ecommerce.tb_produto( codigo_produto, descricao, data_cadastro, codigo_departamento ) VALUES ( 115, 'Mini Caixa de Som', '2023-10-20', 1);
INSERT INTO curso_ecommerce.tb_produto( codigo_produto, descricao, data_cadastro, codigo_departamento ) VALUES ( 116, 'Bermuda Masculina', '2023-10-22', 10);
INSERT INTO curso_ecommerce.tb_produto( codigo_produto, descricao, data_cadastro, codigo_departamento ) VALUES ( 117, 'Espremedor de Frutas', '2023-10-25', 4);
INSERT INTO curso_ecommerce.tb_produto( codigo_produto, descricao, data_cadastro, codigo_departamento ) VALUES ( 118, 'Luminária de Mesa', '2023-10-28', 6);
INSERT INTO curso_ecommerce.tb_produto( codigo_produto, descricao, data_cadastro, codigo_departamento ) VALUES ( 119, 'Relógio Despertador', '2023-10-30', 1);
INSERT INTO curso_ecommerce.tb_produto( codigo_produto, descricao, data_cadastro, codigo_departamento ) VALUES ( 120, 'Barraca de Camping', '2023-11-02', 7);
INSERT INTO curso_ecommerce.tb_produto( codigo_produto, descricao, data_cadastro, codigo_departamento ) VALUES ( 121, 'Travesseiro Ortopédico', '2023-11-05', 6);
INSERT INTO curso_ecommerce.tb_produto( codigo_produto, descricao, data_cadastro, codigo_departamento ) VALUES ( 122, 'Jogo de Video Game', '2023-11-08', 8);
INSERT INTO curso_ecommerce.tb_produto( codigo_produto, descricao, data_cadastro, codigo_departamento ) VALUES ( 123, 'Pendrive 64GB', '2023-11-10', 2);
INSERT INTO curso_ecommerce.tb_produto( codigo_produto, descricao, data_cadastro, codigo_departamento ) VALUES ( 124, 'Pipoqueira Elétrica', '2023-11-12', 4);
INSERT INTO curso_ecommerce.tb_produto( codigo_produto, descricao, data_cadastro, codigo_departamento ) VALUES ( 125, 'Fita LED', '2023-11-15', 6);
INSERT INTO curso_ecommerce.tb_produto( codigo_produto, descricao, data_cadastro, codigo_departamento ) VALUES ( 126, 'Bolsa Feminina', '2023-11-18', 10);
INSERT INTO curso_ecommerce.tb_produto( codigo_produto, descricao, data_cadastro, codigo_departamento ) VALUES ( 127, 'Escorredor de Louças', '2023-11-20', 4);
INSERT INTO curso_ecommerce.tb_produto( codigo_produto, descricao, data_cadastro, codigo_departamento ) VALUES ( 128, 'Amplificador Wi-Fi', '2023-11-22', 2);
INSERT INTO curso_ecommerce.tb_produto( codigo_produto, descricao, data_cadastro, codigo_departamento ) VALUES ( 129, 'Cooler para Notebook', '2023-11-25', 2);
INSERT INTO curso_ecommerce.tb_produto( codigo_produto, descricao, data_cadastro, codigo_departamento ) VALUES ( 130, 'Lixeira Inox', '2023-11-28', 6);
INSERT INTO curso_ecommerce.tb_produto( codigo_produto, descricao, data_cadastro, codigo_departamento ) VALUES ( 131, 'Cabo HDMI 2m', '2023-11-30', 1);
INSERT INTO curso_ecommerce.tb_produto( codigo_produto, descricao, data_cadastro, codigo_departamento ) VALUES ( 132, 'Chuveiro Elétrico', '2023-12-03', 4);
INSERT INTO curso_ecommerce.tb_produto( codigo_produto, descricao, data_cadastro, codigo_departamento ) VALUES ( 133, 'Jogo de Cama Queen', '2023-12-05', 6);
INSERT INTO curso_ecommerce.tb_produto( codigo_produto, descricao, data_cadastro, codigo_departamento ) VALUES ( 134, 'Cadeira de Alimentação Infantil', '2023-12-08', 8);
INSERT INTO curso_ecommerce.tb_produto( codigo_produto, descricao, data_cadastro, codigo_departamento ) VALUES ( 135, 'Mini Drone', '2023-12-10', 1);
INSERT INTO curso_ecommerce.tb_produto( codigo_produto, descricao, data_cadastro, codigo_departamento ) VALUES ( 136, 'Apoio para Pés', '2023-12-12', 5);
INSERT INTO curso_ecommerce.tb_produto( codigo_produto, descricao, data_cadastro, codigo_departamento ) VALUES ( 137, 'Balança Corporal Digital', '2023-12-15', 4);
INSERT INTO curso_ecommerce.tb_produto( codigo_produto, descricao, data_cadastro, codigo_departamento ) VALUES ( 138, 'Roteador Wi-Fi', '2023-12-18', 2);
INSERT INTO curso_ecommerce.tb_produto( codigo_produto, descricao, data_cadastro, codigo_departamento ) VALUES ( 139, 'Capa para Celular', '2023-12-20', 3);
INSERT INTO curso_ecommerce.tb_produto( codigo_produto, descricao, data_cadastro, codigo_departamento ) VALUES ( 140, 'Jogo de Facas Tramontina', '2023-12-22', 4);
INSERT INTO curso_ecommerce.tb_produto( codigo_produto, descricao, data_cadastro, codigo_departamento ) VALUES ( 141, 'Suporte para Notebook', '2023-12-25', 2);
INSERT INTO curso_ecommerce.tb_produto( codigo_produto, descricao, data_cadastro, codigo_departamento ) VALUES ( 142, 'Saco de Dormir', '2023-12-28', 7);
INSERT INTO curso_ecommerce.tb_produto( codigo_produto, descricao, data_cadastro, codigo_departamento ) VALUES ( 143, 'Shorts Esportivo', '2023-12-30', 7);
INSERT INTO curso_ecommerce.tb_produto( codigo_produto, descricao, data_cadastro, codigo_departamento ) VALUES ( 144, 'Jogo de Panelinhas Infantil', '2024-01-02', 8);
INSERT INTO curso_ecommerce.tb_produto( codigo_produto, descricao, data_cadastro, codigo_departamento ) VALUES ( 145, 'Massageador Elétrico', '2024-01-05', 4);
INSERT INTO curso_ecommerce.tb_produto( codigo_produto, descricao, data_cadastro, codigo_departamento ) VALUES ( 146, 'Jogo de Xícaras', '2024-01-08', 6);
INSERT INTO curso_ecommerce.tb_produto( codigo_produto, descricao, data_cadastro, codigo_departamento ) VALUES ( 147, 'Chapinha para Cabelo', '2024-01-10', 4);
INSERT INTO curso_ecommerce.tb_produto( codigo_produto, descricao, data_cadastro, codigo_departamento ) VALUES ( 148, 'Kit de Maquiagem', '2024-01-12', 10);
INSERT INTO curso_ecommerce.tb_produto( codigo_produto, descricao, data_cadastro, codigo_departamento ) VALUES ( 149, 'Caixa Organizadora', '2024-01-15', 6);
INSERT INTO curso_ecommerce.tb_produto( codigo_produto, descricao, data_cadastro, codigo_departamento ) VALUES ( 150, 'Copo Térmico', '2024-01-18', 6);
INSERT INTO curso_ecommerce.tb_produto( codigo_produto, descricao, data_cadastro, codigo_departamento ) VALUES ( 151, 'Trena Digital', '2024-01-20', 5);
INSERT INTO curso_ecommerce.tb_produto( codigo_produto, descricao, data_cadastro, codigo_departamento ) VALUES ( 152, 'Cadeirinha para Carro', '2024-01-22', 8);
INSERT INTO curso_ecommerce.tb_produto( codigo_produto, descricao, data_cadastro, codigo_departamento ) VALUES ( 153, 'Roupa de Cama Infantil', '2024-01-25', 6);
INSERT INTO curso_ecommerce.tb_produto( codigo_produto, descricao, data_cadastro, codigo_departamento ) VALUES ( 154, 'Quadro Decorativo', '2024-01-28', 6);
INSERT INTO curso_ecommerce.tb_produto( codigo_produto, descricao, data_cadastro, codigo_departamento ) VALUES ( 155, 'Mini Teclado Wireless', '2024-01-30', 2);
INSERT INTO curso_ecommerce.tb_produto( codigo_produto, descricao, data_cadastro, codigo_departamento ) VALUES ( 156, 'Cortador de Grama', '2024-02-02', 5);
INSERT INTO curso_ecommerce.tb_produto( codigo_produto, descricao, data_cadastro, codigo_departamento ) VALUES ( 157, 'Mangueira de Jardim', '2024-02-05', 5);
INSERT INTO curso_ecommerce.tb_produto( codigo_produto, descricao, data_cadastro, codigo_departamento ) VALUES ( 158, 'Kit de Limpeza para Notebook', '2024-02-08', 2);
INSERT INTO curso_ecommerce.tb_produto( codigo_produto, descricao, data_cadastro, codigo_departamento ) VALUES ( 159, 'Perfume Feminino', '2024-02-10', 10);
INSERT INTO curso_ecommerce.tb_produto( codigo_produto, descricao, data_cadastro, codigo_departamento ) VALUES ( 160, 'Micro System', '2024-02-12', 1);
INSERT INTO curso_ecommerce.tb_produto( codigo_produto, descricao, data_cadastro, codigo_departamento ) VALUES ( 161, 'Calculadora Científica', '2024-02-15', 9);
INSERT INTO curso_ecommerce.tb_produto( codigo_produto, descricao, data_cadastro, codigo_departamento ) VALUES ( 162, 'Apoio de Livro', '2024-02-18', 9);
INSERT INTO curso_ecommerce.tb_produto( codigo_produto, descricao, data_cadastro, codigo_departamento ) VALUES ( 163, 'Saboneteira', '2024-02-20', 6);
INSERT INTO curso_ecommerce.tb_produto( codigo_produto, descricao, data_cadastro, codigo_departamento ) VALUES ( 164, 'Cabo USB-C', '2024-02-22', 3);
INSERT INTO curso_ecommerce.tb_produto( codigo_produto, descricao, data_cadastro, codigo_departamento ) VALUES ( 165, 'Espelho de Parede', '2024-02-25', 6);
INSERT INTO curso_ecommerce.tb_produto( codigo_produto, descricao, data_cadastro, codigo_departamento ) VALUES ( 166, 'Mala de Mão', '2024-02-28', 10);
INSERT INTO curso_ecommerce.tb_produto( codigo_produto, descricao, data_cadastro, codigo_departamento ) VALUES ( 167, 'Dicionário Inglês-Português', '2024-03-02', 9);
INSERT INTO curso_ecommerce.tb_produto( codigo_produto, descricao, data_cadastro, codigo_departamento ) VALUES ( 168, 'Moedor de Café', '2024-03-05', 4);
INSERT INTO curso_ecommerce.tb_produto( codigo_produto, descricao, data_cadastro, codigo_departamento ) VALUES ( 169, 'Luvas de Boxe', '2024-03-08', 7);
INSERT INTO curso_ecommerce.tb_produto( codigo_produto, descricao, data_cadastro, codigo_departamento ) VALUES ( 170, 'Vaso Decorativo', '2024-03-10', 6);
INSERT INTO curso_ecommerce.tb_produto( codigo_produto, descricao, data_cadastro, codigo_departamento ) VALUES ( 171, 'Adaptador de Tomada Universal', '2024-03-12', 1);
INSERT INTO curso_ecommerce.tb_produto( codigo_produto, descricao, data_cadastro, codigo_departamento ) VALUES ( 172, 'Cinto Masculino', '2024-03-15', 10);
INSERT INTO curso_ecommerce.tb_produto( codigo_produto, descricao, data_cadastro, codigo_departamento ) VALUES ( 173, 'Maquina de Lavar 12kg', '2024-03-18', 4);
INSERT INTO curso_ecommerce.tb_produto( codigo_produto, descricao, data_cadastro, codigo_departamento ) VALUES ( 174, 'Bateria Portátil', '2024-03-20', 3);
INSERT INTO curso_ecommerce.tb_produto( codigo_produto, descricao, data_cadastro, codigo_departamento ) VALUES ( 175, 'Colete Salva-vidas', '2024-03-22', 7);
INSERT INTO curso_ecommerce.tb_produto( codigo_produto, descricao, data_cadastro, codigo_departamento ) VALUES ( 176, 'Encosto Lombar', '2024-03-25', 5);
INSERT INTO curso_ecommerce.tb_produto( codigo_produto, descricao, data_cadastro, codigo_departamento ) VALUES ( 177, 'Extintor de Incêndio', '2024-03-28', 5);
INSERT INTO curso_ecommerce.tb_produto( codigo_produto, descricao, data_cadastro, codigo_departamento ) VALUES ( 178, 'Cubo Mágico', '2024-03-30', 8);
INSERT INTO curso_ecommerce.tb_produto( codigo_produto, descricao, data_cadastro, codigo_departamento ) VALUES ( 179, 'Piscina Inflável', '2024-04-02', 7);
INSERT INTO curso_ecommerce.tb_produto( codigo_produto, descricao, data_cadastro, codigo_departamento ) VALUES ( 180, 'HUB USB', '2024-04-05', 2);
INSERT INTO curso_ecommerce.tb_produto( codigo_produto, descricao, data_cadastro, codigo_departamento ) VALUES ( 181, 'Bandeja para Café da Manhã', '2024-04-08', 6);
INSERT INTO curso_ecommerce.tb_produto( codigo_produto, descricao, data_cadastro, codigo_departamento ) VALUES ( 182, 'Tabuleiro de Xadrez', '2024-04-10', 8);
INSERT INTO curso_ecommerce.tb_produto( codigo_produto, descricao, data_cadastro, codigo_departamento ) VALUES ( 183, 'Projetor Multimídia', '2024-04-12', 1);
INSERT INTO curso_ecommerce.tb_produto( codigo_produto, descricao, data_cadastro, codigo_departamento ) VALUES ( 184, 'Aparelho de Som Automotivo', '2024-04-15', 1);
INSERT INTO curso_ecommerce.tb_produto( codigo_produto, descricao, data_cadastro, codigo_departamento ) VALUES ( 185, 'Telescópio Iniciante', '2024-04-18', 9);
INSERT INTO curso_ecommerce.tb_produto( codigo_produto, descricao, data_cadastro, codigo_departamento ) VALUES ( 186, 'Caneca Térmica', '2024-04-20', 6);
INSERT INTO curso_ecommerce.tb_produto( codigo_produto, descricao, data_cadastro, codigo_departamento ) VALUES ( 187, 'Adaptador Bluetooth', '2024-04-22', 1);
INSERT INTO curso_ecommerce.tb_produto( codigo_produto, descricao, data_cadastro, codigo_departamento ) VALUES ( 188, 'Termômetro Digital', '2024-04-25', 4);
INSERT INTO curso_ecommerce.tb_produto( codigo_produto, descricao, data_cadastro, codigo_departamento ) VALUES ( 189, 'Mochila a Prova D''água', '2024-04-28', 7);
INSERT INTO curso_ecommerce.tb_produto( codigo_produto, descricao, data_cadastro, codigo_departamento ) VALUES ( 190, 'Caixinha de Som à Prova D''água', '2024-04-30', 1);
INSERT INTO curso_ecommerce.tb_produto( codigo_produto, descricao, data_cadastro, codigo_departamento ) VALUES ( 191, 'Película de Vidro para Celular', '2024-05-03', 3);
INSERT INTO curso_ecommerce.tb_produto( codigo_produto, descricao, data_cadastro, codigo_departamento ) VALUES ( 192, 'Máquina de Costura', '2024-05-05', 4);
INSERT INTO curso_ecommerce.tb_produto( codigo_produto, descricao, data_cadastro, codigo_departamento ) VALUES ( 193, 'Agenda 2024', '2024-05-08', 9);
INSERT INTO curso_ecommerce.tb_produto( codigo_produto, descricao, data_cadastro, codigo_departamento ) VALUES ( 194, 'Relógio Masculino', '2024-05-10', 10);
INSERT INTO curso_ecommerce.tb_produto( codigo_produto, descricao, data_cadastro, codigo_departamento ) VALUES ( 195, 'Sombrinha', '2024-05-12', 10);
INSERT INTO curso_ecommerce.tb_produto( codigo_produto, descricao, data_cadastro, codigo_departamento ) VALUES ( 196, 'Kit Jardinagem', '2024-05-15', 5);
INSERT INTO curso_ecommerce.tb_produto( codigo_produto, descricao, data_cadastro, codigo_departamento ) VALUES ( 197, 'Pedra para Afiar Facas', '2024-05-18', 4);
INSERT INTO curso_ecommerce.tb_produto( codigo_produto, descricao, data_cadastro, codigo_departamento ) VALUES ( 198, 'Lupa de Leitura', '2024-05-20', 9);
INSERT INTO curso_ecommerce.tb_produto( codigo_produto, descricao, data_cadastro, codigo_departamento ) VALUES ( 199, 'Kit de Pintura Artística', '2024-05-22', 9);
INSERT INTO curso_ecommerce.tb_produto( codigo_produto, descricao, data_cadastro, codigo_departamento ) VALUES ( 200, 'Bastão de Selfie', '2024-05-25', 3);
INSERT INTO curso_ecommerce.tb_tipo_pessoa_juridica( codigo_tipo_pj, descricao_tipo_pj ) VALUES ( 1, 'Fornecedor');
INSERT INTO curso_ecommerce.tb_tipo_pessoa_juridica( codigo_tipo_pj, descricao_tipo_pj ) VALUES ( 2, 'Vendedor');
INSERT INTO curso_ecommerce.tb_tipo_pessoa_juridica( codigo_tipo_pj, descricao_tipo_pj ) VALUES ( 3, 'Cliente PJ');
INSERT INTO curso_ecommerce.tb_vendedor( codigo_vendedor, codigo_pessoa_juridica, codigo_tipo_pj, codigo_endereco ) VALUES ( 1, 101, 2, 301);
INSERT INTO curso_ecommerce.tb_vendedor( codigo_vendedor, codigo_pessoa_juridica, codigo_tipo_pj, codigo_endereco ) VALUES ( 2, 102, 2, 302);
INSERT INTO curso_ecommerce.tb_vendedor( codigo_vendedor, codigo_pessoa_juridica, codigo_tipo_pj, codigo_endereco ) VALUES ( 3, 103, 2, 303);
INSERT INTO curso_ecommerce.tb_vendedor( codigo_vendedor, codigo_pessoa_juridica, codigo_tipo_pj, codigo_endereco ) VALUES ( 4, 104, 2, 304);
INSERT INTO curso_ecommerce.tb_vendedor( codigo_vendedor, codigo_pessoa_juridica, codigo_tipo_pj, codigo_endereco ) VALUES ( 5, 105, 2, 305);
INSERT INTO curso_ecommerce.tb_vendedor( codigo_vendedor, codigo_pessoa_juridica, codigo_tipo_pj, codigo_endereco ) VALUES ( 6, 106, 2, 306);
INSERT INTO curso_ecommerce.tb_vendedor( codigo_vendedor, codigo_pessoa_juridica, codigo_tipo_pj, codigo_endereco ) VALUES ( 7, 107, 2, 307);
INSERT INTO curso_ecommerce.tb_vendedor( codigo_vendedor, codigo_pessoa_juridica, codigo_tipo_pj, codigo_endereco ) VALUES ( 8, 108, 2, 308);
INSERT INTO curso_ecommerce.tb_vendedor( codigo_vendedor, codigo_pessoa_juridica, codigo_tipo_pj, codigo_endereco ) VALUES ( 9, 109, 2, 309);
INSERT INTO curso_ecommerce.tb_vendedor( codigo_vendedor, codigo_pessoa_juridica, codigo_tipo_pj, codigo_endereco ) VALUES ( 10, 110, 2, 310);
INSERT INTO curso_ecommerce.tb_vendedor( codigo_vendedor, codigo_pessoa_juridica, codigo_tipo_pj, codigo_endereco ) VALUES ( 11, 111, 2, 311);
INSERT INTO curso_ecommerce.tb_vendedor( codigo_vendedor, codigo_pessoa_juridica, codigo_tipo_pj, codigo_endereco ) VALUES ( 12, 112, 2, 312);
INSERT INTO curso_ecommerce.tb_vendedor( codigo_vendedor, codigo_pessoa_juridica, codigo_tipo_pj, codigo_endereco ) VALUES ( 13, 113, 2, 313);
INSERT INTO curso_ecommerce.tb_vendedor( codigo_vendedor, codigo_pessoa_juridica, codigo_tipo_pj, codigo_endereco ) VALUES ( 14, 114, 2, 314);
INSERT INTO curso_ecommerce.tb_vendedor( codigo_vendedor, codigo_pessoa_juridica, codigo_tipo_pj, codigo_endereco ) VALUES ( 15, 115, 2, 315);
INSERT INTO curso_ecommerce.tb_vendedor( codigo_vendedor, codigo_pessoa_juridica, codigo_tipo_pj, codigo_endereco ) VALUES ( 16, 116, 2, 316);
INSERT INTO curso_ecommerce.tb_vendedor( codigo_vendedor, codigo_pessoa_juridica, codigo_tipo_pj, codigo_endereco ) VALUES ( 17, 117, 2, 317);
INSERT INTO curso_ecommerce.tb_vendedor( codigo_vendedor, codigo_pessoa_juridica, codigo_tipo_pj, codigo_endereco ) VALUES ( 18, 118, 2, 318);
INSERT INTO curso_ecommerce.tb_vendedor( codigo_vendedor, codigo_pessoa_juridica, codigo_tipo_pj, codigo_endereco ) VALUES ( 19, 119, 2, 319);
INSERT INTO curso_ecommerce.tb_vendedor( codigo_vendedor, codigo_pessoa_juridica, codigo_tipo_pj, codigo_endereco ) VALUES ( 20, 120, 2, 320);
INSERT INTO curso_ecommerce.tb_vendedor( codigo_vendedor, codigo_pessoa_juridica, codigo_tipo_pj, codigo_endereco ) VALUES ( 21, 121, 2, 321);
INSERT INTO curso_ecommerce.tb_vendedor( codigo_vendedor, codigo_pessoa_juridica, codigo_tipo_pj, codigo_endereco ) VALUES ( 22, 122, 2, 322);
INSERT INTO curso_ecommerce.tb_vendedor( codigo_vendedor, codigo_pessoa_juridica, codigo_tipo_pj, codigo_endereco ) VALUES ( 23, 123, 2, 323);
INSERT INTO curso_ecommerce.tb_vendedor( codigo_vendedor, codigo_pessoa_juridica, codigo_tipo_pj, codigo_endereco ) VALUES ( 24, 124, 2, 324);
INSERT INTO curso_ecommerce.tb_vendedor( codigo_vendedor, codigo_pessoa_juridica, codigo_tipo_pj, codigo_endereco ) VALUES ( 25, 125, 2, 325);
INSERT INTO curso_ecommerce.tb_vendedor( codigo_vendedor, codigo_pessoa_juridica, codigo_tipo_pj, codigo_endereco ) VALUES ( 26, 126, 2, 326);
INSERT INTO curso_ecommerce.tb_vendedor( codigo_vendedor, codigo_pessoa_juridica, codigo_tipo_pj, codigo_endereco ) VALUES ( 27, 127, 2, 327);
INSERT INTO curso_ecommerce.tb_vendedor( codigo_vendedor, codigo_pessoa_juridica, codigo_tipo_pj, codigo_endereco ) VALUES ( 28, 128, 2, 328);
INSERT INTO curso_ecommerce.tb_vendedor( codigo_vendedor, codigo_pessoa_juridica, codigo_tipo_pj, codigo_endereco ) VALUES ( 29, 129, 2, 329);
INSERT INTO curso_ecommerce.tb_vendedor( codigo_vendedor, codigo_pessoa_juridica, codigo_tipo_pj, codigo_endereco ) VALUES ( 30, 130, 2, 330);
INSERT INTO curso_ecommerce.tb_vendedor( codigo_vendedor, codigo_pessoa_juridica, codigo_tipo_pj, codigo_endereco ) VALUES ( 31, 131, 2, 331);
INSERT INTO curso_ecommerce.tb_vendedor( codigo_vendedor, codigo_pessoa_juridica, codigo_tipo_pj, codigo_endereco ) VALUES ( 32, 132, 2, 332);
INSERT INTO curso_ecommerce.tb_vendedor( codigo_vendedor, codigo_pessoa_juridica, codigo_tipo_pj, codigo_endereco ) VALUES ( 33, 133, 2, 333);
INSERT INTO curso_ecommerce.tb_vendedor( codigo_vendedor, codigo_pessoa_juridica, codigo_tipo_pj, codigo_endereco ) VALUES ( 34, 134, 2, 334);
INSERT INTO curso_ecommerce.tb_vendedor( codigo_vendedor, codigo_pessoa_juridica, codigo_tipo_pj, codigo_endereco ) VALUES ( 35, 135, 2, 335);
INSERT INTO curso_ecommerce.tb_vendedor( codigo_vendedor, codigo_pessoa_juridica, codigo_tipo_pj, codigo_endereco ) VALUES ( 36, 136, 2, 336);
INSERT INTO curso_ecommerce.tb_vendedor( codigo_vendedor, codigo_pessoa_juridica, codigo_tipo_pj, codigo_endereco ) VALUES ( 37, 137, 2, 337);
INSERT INTO curso_ecommerce.tb_vendedor( codigo_vendedor, codigo_pessoa_juridica, codigo_tipo_pj, codigo_endereco ) VALUES ( 38, 138, 2, 338);
INSERT INTO curso_ecommerce.tb_vendedor( codigo_vendedor, codigo_pessoa_juridica, codigo_tipo_pj, codigo_endereco ) VALUES ( 39, 139, 2, 339);
INSERT INTO curso_ecommerce.tb_vendedor( codigo_vendedor, codigo_pessoa_juridica, codigo_tipo_pj, codigo_endereco ) VALUES ( 40, 140, 2, 340);
INSERT INTO curso_ecommerce.tb_vendedor( codigo_vendedor, codigo_pessoa_juridica, codigo_tipo_pj, codigo_endereco ) VALUES ( 41, 141, 2, 341);
INSERT INTO curso_ecommerce.tb_vendedor( codigo_vendedor, codigo_pessoa_juridica, codigo_tipo_pj, codigo_endereco ) VALUES ( 42, 142, 2, 342);
INSERT INTO curso_ecommerce.tb_vendedor( codigo_vendedor, codigo_pessoa_juridica, codigo_tipo_pj, codigo_endereco ) VALUES ( 43, 143, 2, 343);
INSERT INTO curso_ecommerce.tb_vendedor( codigo_vendedor, codigo_pessoa_juridica, codigo_tipo_pj, codigo_endereco ) VALUES ( 44, 144, 2, 344);
INSERT INTO curso_ecommerce.tb_vendedor( codigo_vendedor, codigo_pessoa_juridica, codigo_tipo_pj, codigo_endereco ) VALUES ( 45, 145, 2, 345);
INSERT INTO curso_ecommerce.tb_vendedor( codigo_vendedor, codigo_pessoa_juridica, codigo_tipo_pj, codigo_endereco ) VALUES ( 46, 146, 2, 346);
INSERT INTO curso_ecommerce.tb_vendedor( codigo_vendedor, codigo_pessoa_juridica, codigo_tipo_pj, codigo_endereco ) VALUES ( 47, 147, 2, 347);
INSERT INTO curso_ecommerce.tb_vendedor( codigo_vendedor, codigo_pessoa_juridica, codigo_tipo_pj, codigo_endereco ) VALUES ( 48, 148, 2, 348);
INSERT INTO curso_ecommerce.tb_vendedor( codigo_vendedor, codigo_pessoa_juridica, codigo_tipo_pj, codigo_endereco ) VALUES ( 49, 149, 2, 349);
INSERT INTO curso_ecommerce.tb_vendedor( codigo_vendedor, codigo_pessoa_juridica, codigo_tipo_pj, codigo_endereco ) VALUES ( 50, 150, 2, 350);
INSERT INTO curso_ecommerce.tb_vendedor_produto( codigo_vendedor, codigo_produto, preco_venda, perc_desconto, preco_custo, quantidade ) VALUES ( 1, 25, 1299.90, 0.1000, 850.5000, 15);
INSERT INTO curso_ecommerce.tb_vendedor_produto( codigo_vendedor, codigo_produto, preco_venda, perc_desconto, preco_custo, quantidade ) VALUES ( 1, 78, 109.90, 0.0500, 70.2500, 15);
INSERT INTO curso_ecommerce.tb_vendedor_produto( codigo_vendedor, codigo_produto, preco_venda, perc_desconto, preco_custo, quantidade ) VALUES ( 2, 78, 119.90, 0.0500, 70.2500, 30);
INSERT INTO curso_ecommerce.tb_vendedor_produto( codigo_vendedor, codigo_produto, preco_venda, perc_desconto, preco_custo, quantidade ) VALUES ( 2, 141, 9.99, 0.0200, 5.2500, 180);
INSERT INTO curso_ecommerce.tb_vendedor_produto( codigo_vendedor, codigo_produto, preco_venda, perc_desconto, preco_custo, quantidade ) VALUES ( 2, 156, 2.69, 0.0300, 1.8500, 150);
INSERT INTO curso_ecommerce.tb_vendedor_produto( codigo_vendedor, codigo_produto, preco_venda, perc_desconto, preco_custo, quantidade ) VALUES ( 3, 156, 3.99, 0.0300, 1.8500, 200);
INSERT INTO curso_ecommerce.tb_vendedor_produto( codigo_vendedor, codigo_produto, preco_venda, perc_desconto, preco_custo, quantidade ) VALUES ( 4, 17, 2499.90, 0.1500, 1750.7500, 8);
INSERT INTO curso_ecommerce.tb_vendedor_produto( codigo_vendedor, codigo_produto, preco_venda, perc_desconto, preco_custo, quantidade ) VALUES ( 5, 92, 12.90, 0.0500, 7.5000, 150);
INSERT INTO curso_ecommerce.tb_vendedor_produto( codigo_vendedor, codigo_produto, preco_venda, perc_desconto, preco_custo, quantidade ) VALUES ( 6, 143, 4.59, 0.0200, 2.5000, 300);
INSERT INTO curso_ecommerce.tb_vendedor_produto( codigo_vendedor, codigo_produto, preco_venda, perc_desconto, preco_custo, quantidade ) VALUES ( 7, 62, 149.90, 0.1000, 89.9000, 45);
INSERT INTO curso_ecommerce.tb_vendedor_produto( codigo_vendedor, codigo_produto, preco_venda, perc_desconto, preco_custo, quantidade ) VALUES ( 8, 103, 2799.90, 0.0800, 1899.9000, 12);
INSERT INTO curso_ecommerce.tb_vendedor_produto( codigo_vendedor, codigo_produto, preco_venda, perc_desconto, preco_custo, quantidade ) VALUES ( 9, 131, 799.90, 0.1200, 480, 18);
INSERT INTO curso_ecommerce.tb_vendedor_produto( codigo_vendedor, codigo_produto, preco_venda, perc_desconto, preco_custo, quantidade ) VALUES ( 10, 48, 89.90, 0.0500, 45.5000, 35);
INSERT INTO curso_ecommerce.tb_vendedor_produto( codigo_vendedor, codigo_produto, preco_venda, perc_desconto, preco_custo, quantidade ) VALUES ( 11, 87, 12.49, 0.0400, 6.5000, 120);
INSERT INTO curso_ecommerce.tb_vendedor_produto( codigo_vendedor, codigo_produto, preco_venda, perc_desconto, preco_custo, quantidade ) VALUES ( 12, 176, 24.90, 0.0300, 15.9900, 80);
INSERT INTO curso_ecommerce.tb_vendedor_produto( codigo_vendedor, codigo_produto, preco_venda, perc_desconto, preco_custo, quantidade ) VALUES ( 13, 35, 1499.90, 0.1500, 899.9000, 10);
INSERT INTO curso_ecommerce.tb_vendedor_produto( codigo_vendedor, codigo_produto, preco_venda, perc_desconto, preco_custo, quantidade ) VALUES ( 14, 169, 5.99, 0.0200, 3.2500, 250);
INSERT INTO curso_ecommerce.tb_vendedor_produto( codigo_vendedor, codigo_produto, preco_venda, perc_desconto, preco_custo, quantidade ) VALUES ( 15, 112, 349.90, 0.1000, 210, 20);
INSERT INTO curso_ecommerce.tb_vendedor_produto( codigo_vendedor, codigo_produto, preco_venda, perc_desconto, preco_custo, quantidade ) VALUES ( 16, 81, 45.99, 0.0300, 30.5000, 60);
INSERT INTO curso_ecommerce.tb_vendedor_produto( codigo_vendedor, codigo_produto, preco_venda, perc_desconto, preco_custo, quantidade ) VALUES ( 17, 127, 299.90, 0.1200, 180, 25);
INSERT INTO curso_ecommerce.tb_vendedor_produto( codigo_vendedor, codigo_produto, preco_venda, perc_desconto, preco_custo, quantidade ) VALUES ( 18, 54, 2399.90, 0.0800, 1650, 7);
INSERT INTO curso_ecommerce.tb_vendedor_produto( codigo_vendedor, codigo_produto, preco_venda, perc_desconto, preco_custo, quantidade ) VALUES ( 19, 95, 25.90, 0.0500, 15.7500, 90);
INSERT INTO curso_ecommerce.tb_vendedor_produto( codigo_vendedor, codigo_produto, preco_venda, perc_desconto, preco_custo, quantidade ) VALUES ( 20, 182, 59.90, 0.1000, 32.5000, 40);
INSERT INTO curso_ecommerce.tb_vendedor_produto( codigo_vendedor, codigo_produto, preco_venda, perc_desconto, preco_custo, quantidade ) VALUES ( 21, 139, 29.90, 0.0800, 17.5000, 75);
INSERT INTO curso_ecommerce.tb_vendedor_produto( codigo_vendedor, codigo_produto, preco_venda, perc_desconto, preco_custo, quantidade ) VALUES ( 22, 49, 119.90, 0.0500, 75.5000, 30);
INSERT INTO curso_ecommerce.tb_vendedor_produto( codigo_vendedor, codigo_produto, preco_venda, perc_desconto, preco_custo, quantidade ) VALUES ( 23, 111, 129.90, 0.1000, 75, 20);
INSERT INTO curso_ecommerce.tb_vendedor_produto( codigo_vendedor, codigo_produto, preco_venda, perc_desconto, preco_custo, quantidade ) VALUES ( 24, 72, 89.90, 0.0800, 52.5000, 45);
INSERT INTO curso_ecommerce.tb_vendedor_produto( codigo_vendedor, codigo_produto, preco_venda, perc_desconto, preco_custo, quantidade ) VALUES ( 25, 19, 399.90, 0.1500, 250, 15);
INSERT INTO curso_ecommerce.tb_vendedor_produto( codigo_vendedor, codigo_produto, preco_venda, perc_desconto, preco_custo, quantidade ) VALUES ( 26, 101, 99.90, 0.0500, 60, 35);
INSERT INTO curso_ecommerce.tb_vendedor_produto( codigo_vendedor, codigo_produto, preco_venda, perc_desconto, preco_custo, quantidade ) VALUES ( 27, 158, 7.99, 0.0300, 4.5000, 150);
INSERT INTO curso_ecommerce.tb_vendedor_produto( codigo_vendedor, codigo_produto, preco_venda, perc_desconto, preco_custo, quantidade ) VALUES ( 28, 43, 2899.90, 0.1000, 1950, 8);
INSERT INTO curso_ecommerce.tb_vendedor_produto( codigo_vendedor, codigo_produto, preco_venda, perc_desconto, preco_custo, quantidade ) VALUES ( 29, 135, 49.90, 0.0800, 29.9000, 60);
INSERT INTO curso_ecommerce.tb_vendedor_produto( codigo_vendedor, codigo_produto, preco_venda, perc_desconto, preco_custo, quantidade ) VALUES ( 30, 97, 69.90, 0.0500, 42.5000, 40);
INSERT INTO curso_ecommerce.tb_vendedor_produto( codigo_vendedor, codigo_produto, preco_venda, perc_desconto, preco_custo, quantidade ) VALUES ( 31, 67, 119.90, 0.1000, 72.5000, 30);
INSERT INTO curso_ecommerce.tb_vendedor_produto( codigo_vendedor, codigo_produto, preco_venda, perc_desconto, preco_custo, quantidade ) VALUES ( 32, 119, 299.90, 0.1200, 180, 15);
INSERT INTO curso_ecommerce.tb_vendedor_produto( codigo_vendedor, codigo_produto, preco_venda, perc_desconto, preco_custo, quantidade ) VALUES ( 33, 22, 1799.90, 0.0800, 1199.9000, 10);
INSERT INTO curso_ecommerce.tb_vendedor_produto( codigo_vendedor, codigo_produto, preco_venda, perc_desconto, preco_custo, quantidade ) VALUES ( 34, 83, 32.90, 0.0500, 19.9000, 80);
INSERT INTO curso_ecommerce.tb_vendedor_produto( codigo_vendedor, codigo_produto, preco_venda, perc_desconto, preco_custo, quantidade ) VALUES ( 35, 148, 4.79, 0.0200, 2.8500, 200);
INSERT INTO curso_ecommerce.tb_vendedor_produto( codigo_vendedor, codigo_produto, preco_venda, perc_desconto, preco_custo, quantidade ) VALUES ( 36, 39, 499.90, 0.1500, 299.9000, 20);
INSERT INTO curso_ecommerce.tb_vendedor_produto( codigo_vendedor, codigo_produto, preco_venda, perc_desconto, preco_custo, quantidade ) VALUES ( 37, 115, 79.90, 0.0800, 49.9000, 35);
INSERT INTO curso_ecommerce.tb_vendedor_produto( codigo_vendedor, codigo_produto, preco_venda, perc_desconto, preco_custo, quantidade ) VALUES ( 38, 160, 29.90, 0.0500, 18.5000, 60);
INSERT INTO curso_ecommerce.tb_vendedor_produto( codigo_vendedor, codigo_produto, preco_venda, perc_desconto, preco_custo, quantidade ) VALUES ( 39, 56, 429.90, 0.1000, 289.9000, 12);
INSERT INTO curso_ecommerce.tb_vendedor_produto( codigo_vendedor, codigo_produto, preco_venda, perc_desconto, preco_custo, quantidade ) VALUES ( 40, 105, 2999.90, 0.1500, 1899.9000, 5);
INSERT INTO curso_ecommerce.tb_vendedor_produto( codigo_vendedor, codigo_produto, preco_venda, perc_desconto, preco_custo, quantidade ) VALUES ( 41, 73, 99.90, 0.0800, 59.9000, 30);
INSERT INTO curso_ecommerce.tb_vendedor_produto( codigo_vendedor, codigo_produto, preco_venda, perc_desconto, preco_custo, quantidade ) VALUES ( 42, 129, 59.90, 0.0500, 35, 40);
INSERT INTO curso_ecommerce.tb_vendedor_produto( codigo_vendedor, codigo_produto, preco_venda, perc_desconto, preco_custo, quantidade ) VALUES ( 43, 14, 199.90, 0.1000, 119.9000, 25);
INSERT INTO curso_ecommerce.tb_vendedor_produto( codigo_vendedor, codigo_produto, preco_venda, perc_desconto, preco_custo, quantidade ) VALUES ( 44, 94, 14.90, 0.0300, 8.9000, 100);
INSERT INTO curso_ecommerce.tb_vendedor_produto( codigo_vendedor, codigo_produto, preco_venda, perc_desconto, preco_custo, quantidade ) VALUES ( 45, 177, 9.90, 0.0200, 5.9000, 150);
INSERT INTO curso_ecommerce.tb_vendedor_produto( codigo_vendedor, codigo_produto, preco_venda, perc_desconto, preco_custo, quantidade ) VALUES ( 46, 51, 1999.90, 0.1200, 1350, 8);
INSERT INTO curso_ecommerce.tb_vendedor_produto( codigo_vendedor, codigo_produto, preco_venda, perc_desconto, preco_custo, quantidade ) VALUES ( 47, 122, 89.90, 0.0800, 52.5000, 30);
INSERT INTO curso_ecommerce.tb_vendedor_produto( codigo_vendedor, codigo_produto, preco_venda, perc_desconto, preco_custo, quantidade ) VALUES ( 48, 88, 12.90, 0.0300, 7.5000, 120);
INSERT INTO curso_ecommerce.tb_vendedor_produto( codigo_vendedor, codigo_produto, preco_venda, perc_desconto, preco_custo, quantidade ) VALUES ( 49, 32, 799.90, 0.1500, 479.9000, 15);
INSERT INTO curso_ecommerce.tb_vendedor_produto( codigo_vendedor, codigo_produto, preco_venda, perc_desconto, preco_custo, quantidade ) VALUES ( 50, 141, 8.99, 0.0200, 5.2500, 180);
INSERT INTO curso_ecommerce.tb_cliente( codigo_cliente, email, ddd, telefone, codigo_endereco ) VALUES ( 1, 'maria.silva@email.com', '011', '987654321', 1);
INSERT INTO curso_ecommerce.tb_cliente( codigo_cliente, email, ddd, telefone, codigo_endereco ) VALUES ( 2, 'joao.santos@email.com', '021', '912345678', 2);
INSERT INTO curso_ecommerce.tb_cliente( codigo_cliente, email, ddd, telefone, codigo_endereco ) VALUES ( 3, 'ana.oliveira@email.com', '031', '976543210', 3);
INSERT INTO curso_ecommerce.tb_cliente( codigo_cliente, email, ddd, telefone, codigo_endereco ) VALUES ( 4, 'carlos.ferreira@email.com', '047', '998765432', 4);
INSERT INTO curso_ecommerce.tb_cliente( codigo_cliente, email, ddd, telefone, codigo_endereco ) VALUES ( 5, 'juliana.costa@email.com', '019', '965432198', 5);
INSERT INTO curso_ecommerce.tb_cliente( codigo_cliente, email, ddd, telefone, codigo_endereco ) VALUES ( 6, 'roberto.almeida@email.com', '081', '943218765', 6);
INSERT INTO curso_ecommerce.tb_cliente( codigo_cliente, email, ddd, telefone, codigo_endereco ) VALUES ( 7, 'patricia.lima@email.com', '027', '932165478', 7);
INSERT INTO curso_ecommerce.tb_cliente( codigo_cliente, email, ddd, telefone, codigo_endereco ) VALUES ( 8, 'felipe.martins@email.com', '041', '987612345', 8);
INSERT INTO curso_ecommerce.tb_cliente( codigo_cliente, email, ddd, telefone, codigo_endereco ) VALUES ( 9, 'camila.rodrigues@email.com', '051', '976541238', 9);
INSERT INTO curso_ecommerce.tb_cliente( codigo_cliente, email, ddd, telefone, codigo_endereco ) VALUES ( 10, 'leonardo.gomes@email.com', '061', '954321876', 10);
INSERT INTO curso_ecommerce.tb_cliente( codigo_cliente, email, ddd, telefone, codigo_endereco ) VALUES ( 11, 'isabela.pereira@email.com', '062', '943217654', 11);
INSERT INTO curso_ecommerce.tb_cliente( codigo_cliente, email, ddd, telefone, codigo_endereco ) VALUES ( 12, 'gabriel.souza@email.com', '071', '932156789', 12);
INSERT INTO curso_ecommerce.tb_cliente( codigo_cliente, email, ddd, telefone, codigo_endereco ) VALUES ( 13, 'rafaela.fernandes@email.com', '085', '921876543', 13);
INSERT INTO curso_ecommerce.tb_cliente( codigo_cliente, email, ddd, telefone, codigo_endereco ) VALUES ( 14, 'diego.cardoso@email.com', '084', '954123789', 14);
INSERT INTO curso_ecommerce.tb_cliente( codigo_cliente, email, ddd, telefone, codigo_endereco ) VALUES ( 15, 'amanda.ribeiro@email.com', '083', '967891234', 15);
INSERT INTO curso_ecommerce.tb_cliente( codigo_cliente, email, ddd, telefone, codigo_endereco ) VALUES ( 16, 'lucas.barbosa@email.com', '017', '945678123', 16);
INSERT INTO curso_ecommerce.tb_cliente( codigo_cliente, email, ddd, telefone, codigo_endereco ) VALUES ( 17, 'beatriz.nascimento@email.com', '014', '934567812', 17);
INSERT INTO curso_ecommerce.tb_cliente( codigo_cliente, email, ddd, telefone, codigo_endereco ) VALUES ( 18, 'marcos.campos@email.com', '016', '956781234', 18);
INSERT INTO curso_ecommerce.tb_cliente( codigo_cliente, email, ddd, telefone, codigo_endereco ) VALUES ( 19, 'laura.vieira@email.com', '013', '923456789', 19);
INSERT INTO curso_ecommerce.tb_cliente( codigo_cliente, email, ddd, telefone, codigo_endereco ) VALUES ( 20, 'guilherme.moreira@email.com', '015', '945612378', 20);
INSERT INTO curso_ecommerce.tb_cliente( codigo_cliente, email, ddd, telefone, codigo_endereco ) VALUES ( 21, 'carolina.freitas@email.com', '022', '932145678', 21);
INSERT INTO curso_ecommerce.tb_cliente( codigo_cliente, email, ddd, telefone, codigo_endereco ) VALUES ( 22, 'vitor.andrade@email.com', '024', '921654387', 22);
INSERT INTO curso_ecommerce.tb_cliente( codigo_cliente, email, ddd, telefone, codigo_endereco ) VALUES ( 23, 'julia.mendes@email.com', '028', '943217865', 23);
INSERT INTO curso_ecommerce.tb_cliente( codigo_cliente, email, ddd, telefone, codigo_endereco ) VALUES ( 24, 'ricardo.castro@email.com', '088', '965432187', 24);
INSERT INTO curso_ecommerce.tb_cliente( codigo_cliente, email, ddd, telefone, codigo_endereco ) VALUES ( 25, 'larissa.carvalho@email.com', '086', '932178654', 25);
INSERT INTO curso_ecommerce.tb_cliente( codigo_cliente, email, ddd, telefone, codigo_endereco ) VALUES ( 26, 'douglas.duarte@email.com', '087', '945612389', 26);
INSERT INTO curso_ecommerce.tb_cliente( codigo_cliente, email, ddd, telefone, codigo_endereco ) VALUES ( 27, 'leticia.teixeira@email.com', '089', '954321678', 27);
INSERT INTO curso_ecommerce.tb_cliente( codigo_cliente, email, ddd, telefone, codigo_endereco ) VALUES ( 28, 'matheus.rocha@email.com', '082', '934561278', 28);
INSERT INTO curso_ecommerce.tb_cliente( codigo_cliente, email, ddd, telefone, codigo_endereco ) VALUES ( 29, 'luiza.correia@email.com', '091', '921543768', 29);
INSERT INTO curso_ecommerce.tb_cliente( codigo_cliente, email, ddd, telefone, codigo_endereco ) VALUES ( 30, 'henrique.barros@email.com', '092', '943218756', 30);
INSERT INTO curso_ecommerce.tb_cliente( codigo_cliente, email, ddd, telefone, codigo_endereco ) VALUES ( 31, 'fernanda.santos@email.com', '093', '932165487', 31);
INSERT INTO curso_ecommerce.tb_cliente( codigo_cliente, email, ddd, telefone, codigo_endereco ) VALUES ( 32, 'bruno.pinto@email.com', '094', '965432178', 32);
INSERT INTO curso_ecommerce.tb_cliente( codigo_cliente, email, ddd, telefone, codigo_endereco ) VALUES ( 33, 'bianca.marques@email.com', '095', '943217865', 33);
INSERT INTO curso_ecommerce.tb_cliente( codigo_cliente, email, ddd, telefone, codigo_endereco ) VALUES ( 34, 'pedro.cunha@email.com', '096', '956781243', 34);
INSERT INTO curso_ecommerce.tb_cliente( codigo_cliente, email, ddd, telefone, codigo_endereco ) VALUES ( 35, 'valentina.melo@email.com', '097', '987654312', 35);
INSERT INTO curso_ecommerce.tb_cliente( codigo_cliente, email, ddd, telefone, codigo_endereco ) VALUES ( 36, 'thiago.dias@email.com', '098', '932156478', 36);
INSERT INTO curso_ecommerce.tb_cliente( codigo_cliente, email, ddd, telefone, codigo_endereco ) VALUES ( 37, 'natalia.farias@email.com', '099', '921876534', 37);
INSERT INTO curso_ecommerce.tb_cliente( codigo_cliente, email, ddd, telefone, codigo_endereco ) VALUES ( 38, 'gustavo.machado@email.com', '018', '967812345', 38);
INSERT INTO curso_ecommerce.tb_cliente( codigo_cliente, email, ddd, telefone, codigo_endereco ) VALUES ( 39, 'vitoria.oliveira@email.com', '012', '945678132', 39);
INSERT INTO curso_ecommerce.tb_cliente( codigo_cliente, email, ddd, telefone, codigo_endereco ) VALUES ( 40, 'rodrigo.silva@email.com', '043', '956743281', 40);
INSERT INTO curso_ecommerce.tb_cliente( codigo_cliente, email, ddd, telefone, codigo_endereco ) VALUES ( 41, 'aline.costa@email.com', '044', '987632145', 41);
INSERT INTO curso_ecommerce.tb_cliente( codigo_cliente, email, ddd, telefone, codigo_endereco ) VALUES ( 42, 'fabio.ferreira@email.com', '045', '965432178', 42);
INSERT INTO curso_ecommerce.tb_cliente( codigo_cliente, email, ddd, telefone, codigo_endereco ) VALUES ( 43, 'lorena.almeida@email.com', '046', '932165478', 43);
INSERT INTO curso_ecommerce.tb_cliente( codigo_cliente, email, ddd, telefone, codigo_endereco ) VALUES ( 44, 'marcelo.lima@email.com', '048', '921876543', 44);
INSERT INTO curso_ecommerce.tb_cliente( codigo_cliente, email, ddd, telefone, codigo_endereco ) VALUES ( 45, 'renata.martins@email.com', '049', '945678132', 45);
INSERT INTO curso_ecommerce.tb_cliente( codigo_cliente, email, ddd, telefone, codigo_endereco ) VALUES ( 46, 'andre.rodrigues@email.com', '011', '954321876', 46);
INSERT INTO curso_ecommerce.tb_cliente( codigo_cliente, email, ddd, telefone, codigo_endereco ) VALUES ( 47, 'cristina.gomes@email.com', '021', '932156789', 47);
INSERT INTO curso_ecommerce.tb_cliente( codigo_cliente, email, ddd, telefone, codigo_endereco ) VALUES ( 48, 'daniel.pereira@email.com', '031', '921876543', 48);
INSERT INTO curso_ecommerce.tb_cliente( codigo_cliente, email, ddd, telefone, codigo_endereco ) VALUES ( 49, 'elaine.souza@email.com', '047', '945678123', 49);
INSERT INTO curso_ecommerce.tb_cliente( codigo_cliente, email, ddd, telefone, codigo_endereco ) VALUES ( 50, 'fernando.fernandes@email.com', '019', '932167845', 50);
INSERT INTO curso_ecommerce.tb_cliente( codigo_cliente, email, ddd, telefone, codigo_endereco ) VALUES ( 51, 'gisele.cardoso@email.com', '081', '921843765', 51);
INSERT INTO curso_ecommerce.tb_cliente( codigo_cliente, email, ddd, telefone, codigo_endereco ) VALUES ( 52, 'hugo.ribeiro@email.com', '027', '956743281', 52);
INSERT INTO curso_ecommerce.tb_cliente( codigo_cliente, email, ddd, telefone, codigo_endereco ) VALUES ( 53, 'iris.barbosa@email.com', '041', '945678132', 53);
INSERT INTO curso_ecommerce.tb_cliente( codigo_cliente, email, ddd, telefone, codigo_endereco ) VALUES ( 54, 'jefferson.nascimento@email.com', '051', '932156478', 54);
INSERT INTO curso_ecommerce.tb_cliente( codigo_cliente, email, ddd, telefone, codigo_endereco ) VALUES ( 55, 'karina.campos@email.com', '061', '921876534', 55);
INSERT INTO curso_ecommerce.tb_cliente( codigo_cliente, email, ddd, telefone, codigo_endereco ) VALUES ( 56, 'luciano.vieira@email.com', '062', '965432178', 56);
INSERT INTO curso_ecommerce.tb_cliente( codigo_cliente, email, ddd, telefone, codigo_endereco ) VALUES ( 57, 'marcia.moreira@email.com', '071', '948765321', 57);
INSERT INTO curso_ecommerce.tb_cliente( codigo_cliente, email, ddd, telefone, codigo_endereco ) VALUES ( 58, 'nelson.freitas@email.com', '085', '956743281', 58);
INSERT INTO curso_ecommerce.tb_cliente( codigo_cliente, email, ddd, telefone, codigo_endereco ) VALUES ( 59, 'olivia.andrade@email.com', '084', '934567812', 59);
INSERT INTO curso_ecommerce.tb_cliente( codigo_cliente, email, ddd, telefone, codigo_endereco ) VALUES ( 60, 'paulo.mendes@email.com', '083', '921654387', 60);
INSERT INTO curso_ecommerce.tb_cliente( codigo_cliente, email, ddd, telefone, codigo_endereco ) VALUES ( 61, 'quintino.castro@email.com', '017', '943217865', 61);
INSERT INTO curso_ecommerce.tb_cliente( codigo_cliente, email, ddd, telefone, codigo_endereco ) VALUES ( 62, 'raquel.carvalho@email.com', '014', '932178654', 62);
INSERT INTO curso_ecommerce.tb_cliente( codigo_cliente, email, ddd, telefone, codigo_endereco ) VALUES ( 63, 'samuel.duarte@email.com', '016', '921543768', 63);
INSERT INTO curso_ecommerce.tb_cliente( codigo_cliente, email, ddd, telefone, codigo_endereco ) VALUES ( 64, 'talita.teixeira@email.com', '013', '932165487', 64);
INSERT INTO curso_ecommerce.tb_cliente( codigo_cliente, email, ddd, telefone, codigo_endereco ) VALUES ( 65, 'ulisses.rocha@email.com', '015', '965432178', 65);
INSERT INTO curso_ecommerce.tb_cliente( codigo_cliente, email, ddd, telefone, codigo_endereco ) VALUES ( 66, 'vanessa.correia@email.com', '022', '954321876', 66);
INSERT INTO curso_ecommerce.tb_cliente( codigo_cliente, email, ddd, telefone, codigo_endereco ) VALUES ( 67, 'wagner.barros@email.com', '024', '932156789', 67);
INSERT INTO curso_ecommerce.tb_cliente( codigo_cliente, email, ddd, telefone, codigo_endereco ) VALUES ( 68, 'xuxa.pinto@email.com', '028', '921876543', 68);
INSERT INTO curso_ecommerce.tb_cliente( codigo_cliente, email, ddd, telefone, codigo_endereco ) VALUES ( 69, 'yasmin.marques@email.com', '088', '954321678', 69);
INSERT INTO curso_ecommerce.tb_cliente( codigo_cliente, email, ddd, telefone, codigo_endereco ) VALUES ( 70, 'zacarias.cunha@email.com', '086', '932165478', 70);
INSERT INTO curso_ecommerce.tb_cliente( codigo_cliente, email, ddd, telefone, codigo_endereco ) VALUES ( 71, 'angela.melo@email.com', '087', '921876543', 71);
INSERT INTO curso_ecommerce.tb_cliente( codigo_cliente, email, ddd, telefone, codigo_endereco ) VALUES ( 72, 'bernardo.dias@email.com', '089', '965432198', 72);
INSERT INTO curso_ecommerce.tb_cliente( codigo_cliente, email, ddd, telefone, codigo_endereco ) VALUES ( 73, 'cecilia.farias@email.com', '082', '943218765', 73);
INSERT INTO curso_ecommerce.tb_cliente( codigo_cliente, email, ddd, telefone, codigo_endereco ) VALUES ( 74, 'dante.machado@email.com', '091', '932165478', 74);
INSERT INTO curso_ecommerce.tb_cliente( codigo_cliente, email, ddd, telefone, codigo_endereco ) VALUES ( 75, 'eduarda.lopes@email.com', '092', '945678123', 75);
INSERT INTO curso_ecommerce.tb_cliente( codigo_cliente, email, ddd, telefone, codigo_endereco ) VALUES ( 76, 'fabiano.xavier@email.com', '093', '932145678', 76);
INSERT INTO curso_ecommerce.tb_cliente( codigo_cliente, email, ddd, telefone, codigo_endereco ) VALUES ( 77, 'giovanna.borges@email.com', '094', '954321876', 77);
INSERT INTO curso_ecommerce.tb_cliente( codigo_cliente, email, ddd, telefone, codigo_endereco ) VALUES ( 78, 'heitor.viana@email.com', '095', '932156789', 78);
INSERT INTO curso_ecommerce.tb_cliente( codigo_cliente, email, ddd, telefone, codigo_endereco ) VALUES ( 79, 'ingrid.soares@email.com', '096', '921876543', 79);
INSERT INTO curso_ecommerce.tb_cliente( codigo_cliente, email, ddd, telefone, codigo_endereco ) VALUES ( 80, 'julio.peixoto@email.com', '097', '945678123', 80);
INSERT INTO curso_ecommerce.tb_cliente( codigo_cliente, email, ddd, telefone, codigo_endereco ) VALUES ( 81, 'kamila.santos@email.com', '098', '932167845', 81);
INSERT INTO curso_ecommerce.tb_cliente( codigo_cliente, email, ddd, telefone, codigo_endereco ) VALUES ( 82, 'leandro.silva@email.com', '099', '921843765', 82);
INSERT INTO curso_ecommerce.tb_cliente( codigo_cliente, email, ddd, telefone, codigo_endereco ) VALUES ( 83, 'melissa.oliveira@email.com', '018', '956743281', 83);
INSERT INTO curso_ecommerce.tb_cliente( codigo_cliente, email, ddd, telefone, codigo_endereco ) VALUES ( 84, 'natan.ferreira@email.com', '012', '945678132', 84);
INSERT INTO curso_ecommerce.tb_cliente( codigo_cliente, email, ddd, telefone, codigo_endereco ) VALUES ( 85, 'otavio.costa@email.com', '043', '932156478', 85);
INSERT INTO curso_ecommerce.tb_cliente( codigo_cliente, email, ddd, telefone, codigo_endereco ) VALUES ( 86, 'poliana.almeida@email.com', '044', '921876534', 86);
INSERT INTO curso_ecommerce.tb_cliente( codigo_cliente, email, ddd, telefone, codigo_endereco ) VALUES ( 87, 'queiroz.lima@email.com', '045', '965432178', 87);
INSERT INTO curso_ecommerce.tb_cliente( codigo_cliente, email, ddd, telefone, codigo_endereco ) VALUES ( 88, 'rebeca.martins@email.com', '046', '943218765', 88);
INSERT INTO curso_ecommerce.tb_cliente( codigo_cliente, email, ddd, telefone, codigo_endereco ) VALUES ( 89, 'sergio.rodrigues@email.com', '048', '932165478', 89);
INSERT INTO curso_ecommerce.tb_cliente( codigo_cliente, email, ddd, telefone, codigo_endereco ) VALUES ( 90, 'tamires.gomes@email.com', '049', '921876543', 90);
INSERT INTO curso_ecommerce.tb_cliente( codigo_cliente, email, ddd, telefone, codigo_endereco ) VALUES ( 91, 'umberto.pereira@email.com', '011', '954323876', 91);
INSERT INTO curso_ecommerce.tb_cliente( codigo_cliente, email, ddd, telefone, codigo_endereco ) VALUES ( 92, 'vivian.souza@email.com', '021', '932156389', 92);
INSERT INTO curso_ecommerce.tb_cliente( codigo_cliente, email, ddd, telefone, codigo_endereco ) VALUES ( 93, 'william.fernandes@email.com', '031', '921873543', 93);
INSERT INTO curso_ecommerce.tb_cliente( codigo_cliente, email, ddd, telefone, codigo_endereco ) VALUES ( 94, 'ximena.cardoso@email.com', '047', '945678923', 94);
INSERT INTO curso_ecommerce.tb_cliente( codigo_cliente, email, ddd, telefone, codigo_endereco ) VALUES ( 95, 'yuri.ribeiro@email.com', '019', '932167845', 95);
INSERT INTO curso_ecommerce.tb_cliente( codigo_cliente, email, ddd, telefone, codigo_endereco ) VALUES ( 96, 'zelia.barbosa@email.com', '081', '921843765', 96);
INSERT INTO curso_ecommerce.tb_cliente( codigo_cliente, email, ddd, telefone, codigo_endereco ) VALUES ( 97, 'arnaldo.nascimento@email.com', '027', '956733281', 97);
INSERT INTO curso_ecommerce.tb_cliente( codigo_cliente, email, ddd, telefone, codigo_endereco ) VALUES ( 98, 'bruna.campos@email.com', '041', '945678132', 98);
INSERT INTO curso_ecommerce.tb_cliente( codigo_cliente, email, ddd, telefone, codigo_endereco ) VALUES ( 99, 'claudio.vieira@email.com', '051', '932156478', 99);
INSERT INTO curso_ecommerce.tb_cliente( codigo_cliente, email, ddd, telefone, codigo_endereco ) VALUES ( 100, 'denise.moreira@email.com', '061', '921876534', 100);
INSERT INTO curso_ecommerce.tb_cliente( codigo_cliente, email, ddd, telefone, codigo_endereco ) VALUES ( 101, 'ernesto.freitas@email.com', '062', '965432178', 101);
INSERT INTO curso_ecommerce.tb_cliente( codigo_cliente, email, ddd, telefone, codigo_endereco ) VALUES ( 102, 'flavia.andrade@email.com', '071', '943218765', 102);
INSERT INTO curso_ecommerce.tb_cliente( codigo_cliente, email, ddd, telefone, codigo_endereco ) VALUES ( 103, 'gilberto.mendes@email.com', '085', '932165478', 103);
INSERT INTO curso_ecommerce.tb_cliente( codigo_cliente, email, ddd, telefone, codigo_endereco ) VALUES ( 104, 'helena.castro@email.com', '084', '921876543', 104);
INSERT INTO curso_ecommerce.tb_cliente( codigo_cliente, email, ddd, telefone, codigo_endereco ) VALUES ( 105, 'ivo.carvalho@email.com', '083', '954321876', 105);
INSERT INTO curso_ecommerce.tb_cliente( codigo_cliente, email, ddd, telefone, codigo_endereco ) VALUES ( 106, 'joice.duarte@email.com', '017', '932156789', 106);
INSERT INTO curso_ecommerce.tb_cliente( codigo_cliente, email, ddd, telefone, codigo_endereco ) VALUES ( 107, 'kelvin.teixeira@email.com', '014', '921876543', 107);
INSERT INTO curso_ecommerce.tb_cliente( codigo_cliente, email, ddd, telefone, codigo_endereco ) VALUES ( 108, 'livia.rocha@email.com', '016', '945678123', 108);
INSERT INTO curso_ecommerce.tb_cliente( codigo_cliente, email, ddd, telefone, codigo_endereco ) VALUES ( 109, 'murilo.correia@email.com', '013', '932167845', 109);
INSERT INTO curso_ecommerce.tb_cliente( codigo_cliente, email, ddd, telefone, codigo_endereco ) VALUES ( 110, 'neide.barros@email.com', '015', '921843765', 110);
INSERT INTO curso_ecommerce.tb_cliente( codigo_cliente, email, ddd, telefone, codigo_endereco ) VALUES ( 111, 'orlando.pinto@email.com', '022', '956743281', 111);
INSERT INTO curso_ecommerce.tb_cliente( codigo_cliente, email, ddd, telefone, codigo_endereco ) VALUES ( 112, 'priscila.marques@email.com', '024', '945678132', 112);
INSERT INTO curso_ecommerce.tb_cliente( codigo_cliente, email, ddd, telefone, codigo_endereco ) VALUES ( 113, 'quirino.cunha@email.com', '028', '932156478', 113);
INSERT INTO curso_ecommerce.tb_cliente( codigo_cliente, email, ddd, telefone, codigo_endereco ) VALUES ( 114, 'regina.melo@email.com', '088', '921876534', 114);
INSERT INTO curso_ecommerce.tb_cliente( codigo_cliente, email, ddd, telefone, codigo_endereco ) VALUES ( 115, 'silvio.dias@email.com', '086', '965432178', 115);
INSERT INTO curso_ecommerce.tb_cliente( codigo_cliente, email, ddd, telefone, codigo_endereco ) VALUES ( 116, 'tatiane.farias@email.com', '087', '943218765', 116);
INSERT INTO curso_ecommerce.tb_cliente( codigo_cliente, email, ddd, telefone, codigo_endereco ) VALUES ( 117, 'ugo.machado@email.com', '089', '932165478', 117);
INSERT INTO curso_ecommerce.tb_cliente( codigo_cliente, email, ddd, telefone, codigo_endereco ) VALUES ( 118, 'valeria.lopes@email.com', '082', '921876543', 118);
INSERT INTO curso_ecommerce.tb_cliente( codigo_cliente, email, ddd, telefone, codigo_endereco ) VALUES ( 119, 'wilson.xavier@email.com', '091', '954321876', 119);
INSERT INTO curso_ecommerce.tb_cliente( codigo_cliente, email, ddd, telefone, codigo_endereco ) VALUES ( 120, 'yana.borges@email.com', '092', '932156789', 120);
INSERT INTO curso_ecommerce.tb_cliente( codigo_cliente, email, ddd, telefone, codigo_endereco ) VALUES ( 121, 'zeus.viana@email.com', '093', '921876543', 121);
INSERT INTO curso_ecommerce.tb_cliente( codigo_cliente, email, ddd, telefone, codigo_endereco ) VALUES ( 122, 'adriana.soares@email.com', '094', '945678123', 122);
INSERT INTO curso_ecommerce.tb_cliente( codigo_cliente, email, ddd, telefone, codigo_endereco ) VALUES ( 123, 'bruno.peixoto@email.com', '095', '932167845', 123);
INSERT INTO curso_ecommerce.tb_cliente( codigo_cliente, email, ddd, telefone, codigo_endereco ) VALUES ( 124, 'carla.santos@email.com', '096', '921843765', 124);
INSERT INTO curso_ecommerce.tb_cliente( codigo_cliente, email, ddd, telefone, codigo_endereco ) VALUES ( 125, 'davi.silva@email.com', '097', '956743281', 125);
INSERT INTO curso_ecommerce.tb_cliente( codigo_cliente, email, ddd, telefone, codigo_endereco ) VALUES ( 126, 'eva.oliveira@email.com', '098', '945678132', 126);
INSERT INTO curso_ecommerce.tb_cliente( codigo_cliente, email, ddd, telefone, codigo_endereco ) VALUES ( 127, 'fabio.ferreira@email.com', '099', '932156478', 127);
INSERT INTO curso_ecommerce.tb_cliente( codigo_cliente, email, ddd, telefone, codigo_endereco ) VALUES ( 128, 'gabriela.costa@email.com', '018', '921876534', 128);
INSERT INTO curso_ecommerce.tb_cliente( codigo_cliente, email, ddd, telefone, codigo_endereco ) VALUES ( 129, 'haroldo.almeida@email.com', '012', '965432178', 129);
INSERT INTO curso_ecommerce.tb_cliente( codigo_cliente, email, ddd, telefone, codigo_endereco ) VALUES ( 130, 'isadora.lima@email.com', '043', '943218765', 130);
INSERT INTO curso_ecommerce.tb_cliente( codigo_cliente, email, ddd, telefone, codigo_endereco ) VALUES ( 131, 'jonas.martins@email.com', '044', '932165478', 131);
INSERT INTO curso_ecommerce.tb_cliente( codigo_cliente, email, ddd, telefone, codigo_endereco ) VALUES ( 132, 'katia.rodrigues@email.com', '045', '921876543', 132);
INSERT INTO curso_ecommerce.tb_cliente( codigo_cliente, email, ddd, telefone, codigo_endereco ) VALUES ( 133, 'lucio.gomes@email.com', '046', '954321876', 133);
INSERT INTO curso_ecommerce.tb_cliente( codigo_cliente, email, ddd, telefone, codigo_endereco ) VALUES ( 134, 'monica.pereira@email.com', '048', '932156789', 134);
INSERT INTO curso_ecommerce.tb_cliente( codigo_cliente, email, ddd, telefone, codigo_endereco ) VALUES ( 135, 'nivaldo.souza@email.com', '049', '921876543', 135);
INSERT INTO curso_ecommerce.tb_cliente( codigo_cliente, email, ddd, telefone, codigo_endereco ) VALUES ( 136, 'olga.fernandes@email.com', '011', '945678123', 136);
INSERT INTO curso_ecommerce.tb_cliente( codigo_cliente, email, ddd, telefone, codigo_endereco ) VALUES ( 137, 'paulo.cardoso@email.com', '021', '932167845', 137);
INSERT INTO curso_ecommerce.tb_cliente( codigo_cliente, email, ddd, telefone, codigo_endereco ) VALUES ( 138, 'queila.ribeiro@email.com', '031', '921843765', 138);
INSERT INTO curso_ecommerce.tb_cliente( codigo_cliente, email, ddd, telefone, codigo_endereco ) VALUES ( 139, 'ronaldo.barbosa@email.com', '047', '956743281', 139);
INSERT INTO curso_ecommerce.tb_cliente( codigo_cliente, email, ddd, telefone, codigo_endereco ) VALUES ( 140, 'silvia.nascimento@email.com', '019', '945678132', 140);
INSERT INTO curso_ecommerce.tb_cliente( codigo_cliente, email, ddd, telefone, codigo_endereco ) VALUES ( 141, 'tadeu.campos@email.com', '081', '932156478', 141);
INSERT INTO curso_ecommerce.tb_cliente( codigo_cliente, email, ddd, telefone, codigo_endereco ) VALUES ( 142, 'ursula.vieira@email.com', '027', '921876534', 142);
INSERT INTO curso_ecommerce.tb_cliente( codigo_cliente, email, ddd, telefone, codigo_endereco ) VALUES ( 143, 'vinicius.moreira@email.com', '041', '965432178', 143);
INSERT INTO curso_ecommerce.tb_cliente( codigo_cliente, email, ddd, telefone, codigo_endereco ) VALUES ( 144, 'wanda.freitas@email.com', '051', '943218765', 144);
INSERT INTO curso_ecommerce.tb_cliente( codigo_cliente, email, ddd, telefone, codigo_endereco ) VALUES ( 145, 'xavier.andrade@email.com', '061', '932165478', 145);
INSERT INTO curso_ecommerce.tb_cliente( codigo_cliente, email, ddd, telefone, codigo_endereco ) VALUES ( 146, 'yara.mendes@email.com', '062', '921876543', 146);
INSERT INTO curso_ecommerce.tb_cliente( codigo_cliente, email, ddd, telefone, codigo_endereco ) VALUES ( 147, 'zulmira.castro@email.com', '071', '954321876', 147);
INSERT INTO curso_ecommerce.tb_cliente( codigo_cliente, email, ddd, telefone, codigo_endereco ) VALUES ( 148, 'alex.carvalho@email.com', '085', '932156789', 148);
INSERT INTO curso_ecommerce.tb_cliente( codigo_cliente, email, ddd, telefone, codigo_endereco ) VALUES ( 149, 'beatriz.duarte@email.com', '084', '921876543', 149);
INSERT INTO curso_ecommerce.tb_cliente( codigo_cliente, email, ddd, telefone, codigo_endereco ) VALUES ( 150, 'ciro.teixeira@email.com', '083', '945678123', 150);
INSERT INTO curso_ecommerce.tb_cliente( codigo_cliente, email, ddd, telefone, codigo_endereco ) VALUES ( 151, 'dalila.rocha@email.com', '017', '932167845', 151);
INSERT INTO curso_ecommerce.tb_cliente( codigo_cliente, email, ddd, telefone, codigo_endereco ) VALUES ( 152, 'elton.correia@email.com', '014', '921843765', 152);
INSERT INTO curso_ecommerce.tb_cliente( codigo_cliente, email, ddd, telefone, codigo_endereco ) VALUES ( 153, 'flora.barros@email.com', '016', '956743281', 153);
INSERT INTO curso_ecommerce.tb_cliente( codigo_cliente, email, ddd, telefone, codigo_endereco ) VALUES ( 154, 'geraldo.pinto@email.com', '013', '945678132', 154);
INSERT INTO curso_ecommerce.tb_cliente( codigo_cliente, email, ddd, telefone, codigo_endereco ) VALUES ( 155, 'hilda.marques@email.com', '015', '932156478', 155);
INSERT INTO curso_ecommerce.tb_cliente( codigo_cliente, email, ddd, telefone, codigo_endereco ) VALUES ( 156, 'igor.cunha@email.com', '022', '921876534', 156);
INSERT INTO curso_ecommerce.tb_cliente( codigo_cliente, email, ddd, telefone, codigo_endereco ) VALUES ( 157, 'janaina.melo@email.com', '024', '965432178', 157);
INSERT INTO curso_ecommerce.tb_cliente( codigo_cliente, email, ddd, telefone, codigo_endereco ) VALUES ( 158, 'klaus.dias@email.com', '028', '943218765', 158);
INSERT INTO curso_ecommerce.tb_cliente( codigo_cliente, email, ddd, telefone, codigo_endereco ) VALUES ( 159, 'luana.farias@email.com', '088', '932165478', 159);
INSERT INTO curso_ecommerce.tb_cliente( codigo_cliente, email, ddd, telefone, codigo_endereco ) VALUES ( 160, 'mauro.machado@email.com', '086', '921876543', 160);
INSERT INTO curso_ecommerce.tb_cliente( codigo_cliente, email, ddd, telefone, codigo_endereco ) VALUES ( 161, 'nadia.lopes@email.com', '087', '954321876', 161);
INSERT INTO curso_ecommerce.tb_cliente( codigo_cliente, email, ddd, telefone, codigo_endereco ) VALUES ( 162, 'oscar.xavier@email.com', '089', '932156789', 162);
INSERT INTO curso_ecommerce.tb_cliente( codigo_cliente, email, ddd, telefone, codigo_endereco ) VALUES ( 163, 'pamela.borges@email.com', '082', '921876543', 163);
INSERT INTO curso_ecommerce.tb_cliente( codigo_cliente, email, ddd, telefone, codigo_endereco ) VALUES ( 164, 'quincas.viana@email.com', '091', '945678123', 164);
INSERT INTO curso_ecommerce.tb_cliente( codigo_cliente, email, ddd, telefone, codigo_endereco ) VALUES ( 165, 'roberta.soares@email.com', '092', '932167845', 165);
INSERT INTO curso_ecommerce.tb_cliente( codigo_cliente, email, ddd, telefone, codigo_endereco ) VALUES ( 166, 'saulo.peixoto@email.com', '093', '921843765', 166);
INSERT INTO curso_ecommerce.tb_cliente( codigo_cliente, email, ddd, telefone, codigo_endereco ) VALUES ( 167, 'tania.santos@email.com', '094', '956743281', 167);
INSERT INTO curso_ecommerce.tb_cliente( codigo_cliente, email, ddd, telefone, codigo_endereco ) VALUES ( 168, 'ulisses.silva@email.com', '095', '945678132', 168);
INSERT INTO curso_ecommerce.tb_cliente( codigo_cliente, email, ddd, telefone, codigo_endereco ) VALUES ( 169, 'vera.oliveira@email.com', '096', '932156478', 169);
INSERT INTO curso_ecommerce.tb_cliente( codigo_cliente, email, ddd, telefone, codigo_endereco ) VALUES ( 170, 'wagner.ferreira@email.com', '097', '921876534', 170);
INSERT INTO curso_ecommerce.tb_cliente( codigo_cliente, email, ddd, telefone, codigo_endereco ) VALUES ( 171, 'ximena.costa@email.com', '098', '965432178', 171);
INSERT INTO curso_ecommerce.tb_cliente( codigo_cliente, email, ddd, telefone, codigo_endereco ) VALUES ( 172, 'yan.almeida@email.com', '099', '943218765', 172);
INSERT INTO curso_ecommerce.tb_cliente( codigo_cliente, email, ddd, telefone, codigo_endereco ) VALUES ( 173, 'zelia.lima@email.com', '018', '932165478', 173);
INSERT INTO curso_ecommerce.tb_cliente( codigo_cliente, email, ddd, telefone, codigo_endereco ) VALUES ( 174, 'arthur.martins@email.com', '012', '921876543', 174);
INSERT INTO curso_ecommerce.tb_cliente( codigo_cliente, email, ddd, telefone, codigo_endereco ) VALUES ( 175, 'bia.rodrigues@email.com', '043', '954321876', 175);
INSERT INTO curso_ecommerce.tb_cliente( codigo_cliente, email, ddd, telefone, codigo_endereco ) VALUES ( 176, 'caio.gomes@email.com', '044', '932156789', 176);
INSERT INTO curso_ecommerce.tb_cliente( codigo_cliente, email, ddd, telefone, codigo_endereco ) VALUES ( 177, 'diana.pereira@email.com', '045', '921876543', 177);
INSERT INTO curso_ecommerce.tb_cliente( codigo_cliente, email, ddd, telefone, codigo_endereco ) VALUES ( 178, 'edson.souza@email.com', '046', '945678123', 178);
INSERT INTO curso_ecommerce.tb_cliente( codigo_cliente, email, ddd, telefone, codigo_endereco ) VALUES ( 179, 'fatima.fernandes@email.com', '048', '932167845', 179);
INSERT INTO curso_ecommerce.tb_cliente( codigo_cliente, email, ddd, telefone, codigo_endereco ) VALUES ( 180, 'gilson.cardoso@email.com', '049', '921843765', 180);
INSERT INTO curso_ecommerce.tb_cliente( codigo_cliente, email, ddd, telefone, codigo_endereco ) VALUES ( 181, 'hortencia.ribeiro@email.com', '011', '956743281', 181);
INSERT INTO curso_ecommerce.tb_cliente( codigo_cliente, email, ddd, telefone, codigo_endereco ) VALUES ( 182, 'ivan.barbosa@email.com', '021', '945678132', 182);
INSERT INTO curso_ecommerce.tb_cliente( codigo_cliente, email, ddd, telefone, codigo_endereco ) VALUES ( 183, 'josefa.nascimento@email.com', '031', '932156478', 183);
INSERT INTO curso_ecommerce.tb_cliente( codigo_cliente, email, ddd, telefone, codigo_endereco ) VALUES ( 184, 'kevin.campos@email.com', '047', '921876534', 184);
INSERT INTO curso_ecommerce.tb_cliente( codigo_cliente, email, ddd, telefone, codigo_endereco ) VALUES ( 185, 'lais.vieira@email.com', '019', '965432178', 185);
INSERT INTO curso_ecommerce.tb_cliente( codigo_cliente, email, ddd, telefone, codigo_endereco ) VALUES ( 186, 'milton.moreira@email.com', '081', '943218765', 186);
INSERT INTO curso_ecommerce.tb_cliente( codigo_cliente, email, ddd, telefone, codigo_endereco ) VALUES ( 187, 'natasha.freitas@email.com', '027', '932165478', 187);
INSERT INTO curso_ecommerce.tb_cliente( codigo_cliente, email, ddd, telefone, codigo_endereco ) VALUES ( 188, 'otavio.andrade@email.com', '041', '921876543', 188);
INSERT INTO curso_ecommerce.tb_cliente( codigo_cliente, email, ddd, telefone, codigo_endereco ) VALUES ( 189, 'poliana.mendes@email.com', '051', '954321876', 189);
INSERT INTO curso_ecommerce.tb_cliente( codigo_cliente, email, ddd, telefone, codigo_endereco ) VALUES ( 190, 'quintino.castro@email.com', '061', '932156789', 190);
INSERT INTO curso_ecommerce.tb_cliente( codigo_cliente, email, ddd, telefone, codigo_endereco ) VALUES ( 191, 'robson.carvalho@email.com', '062', '921876543', 191);
INSERT INTO curso_ecommerce.tb_cliente( codigo_cliente, email, ddd, telefone, codigo_endereco ) VALUES ( 192, 'simone.duarte@email.com', '071', '945678123', 192);
INSERT INTO curso_ecommerce.tb_cliente( codigo_cliente, email, ddd, telefone, codigo_endereco ) VALUES ( 193, 'thales.teixeira@email.com', '085', '932167845', 193);
INSERT INTO curso_ecommerce.tb_cliente( codigo_cliente, email, ddd, telefone, codigo_endereco ) VALUES ( 194, 'ursula.rocha@email.com', '084', '921843765', 194);
INSERT INTO curso_ecommerce.tb_cliente( codigo_cliente, email, ddd, telefone, codigo_endereco ) VALUES ( 195, 'vagner.correia@email.com', '083', '956743281', 195);
INSERT INTO curso_ecommerce.tb_cliente( codigo_cliente, email, ddd, telefone, codigo_endereco ) VALUES ( 196, 'waldemar.barros@email.com', '017', '945678132', 196);
INSERT INTO curso_ecommerce.tb_cliente( codigo_cliente, email, ddd, telefone, codigo_endereco ) VALUES ( 197, 'xuxa.pinto@email.com', '014', '932156478', 197);
INSERT INTO curso_ecommerce.tb_cliente( codigo_cliente, email, ddd, telefone, codigo_endereco ) VALUES ( 198, 'yasmin.marques@email.com', '016', '921876534', 198);
INSERT INTO curso_ecommerce.tb_cliente( codigo_cliente, email, ddd, telefone, codigo_endereco ) VALUES ( 199, 'zeca.cunha@email.com', '013', '965432178', 199);
INSERT INTO curso_ecommerce.tb_cliente( codigo_cliente, email, ddd, telefone, codigo_endereco ) VALUES ( 200, 'andrea.melo@email.com', '015', '943218765', 200);
INSERT INTO curso_ecommerce.tb_cliente( codigo_cliente, email, ddd, telefone, codigo_endereco ) VALUES ( 201, 'contato@silvaassociados.com.br', '011', '987654321', 201);
INSERT INTO curso_ecommerce.tb_cliente( codigo_cliente, email, ddd, telefone, codigo_endereco ) VALUES ( 202, 'contato@santosalimentos.com.br', '021', '912345678', 202);
INSERT INTO curso_ecommerce.tb_cliente( codigo_cliente, email, ddd, telefone, codigo_endereco ) VALUES ( 203, 'contato@oliveiratech.com.br', '031', '976543210', 203);
INSERT INTO curso_ecommerce.tb_cliente( codigo_cliente, email, ddd, telefone, codigo_endereco ) VALUES ( 204, 'contato@ferreiraindustria.com.br', '047', '998765432', 204);
INSERT INTO curso_ecommerce.tb_cliente( codigo_cliente, email, ddd, telefone, codigo_endereco ) VALUES ( 205, 'contato@costafinancas.com.br', '019', '965432198', 205);
INSERT INTO curso_ecommerce.tb_cliente( codigo_cliente, email, ddd, telefone, codigo_endereco ) VALUES ( 206, 'contato@almeidaconstrutora.com.br', '081', '943218765', 206);
INSERT INTO curso_ecommerce.tb_cliente( codigo_cliente, email, ddd, telefone, codigo_endereco ) VALUES ( 207, 'contato@limamedical.com.br', '027', '932165478', 207);
INSERT INTO curso_ecommerce.tb_cliente( codigo_cliente, email, ddd, telefone, codigo_endereco ) VALUES ( 208, 'contato@automartins.com.br', '041', '987612345', 208);
INSERT INTO curso_ecommerce.tb_cliente( codigo_cliente, email, ddd, telefone, codigo_endereco ) VALUES ( 209, 'contato@rodriguestelecom.com.br', '051', '976541238', 209);
INSERT INTO curso_ecommerce.tb_cliente( codigo_cliente, email, ddd, telefone, codigo_endereco ) VALUES ( 210, 'contato@transportadoragomes.com.br', '061', '954321876', 210);
INSERT INTO curso_ecommerce.tb_cliente( codigo_cliente, email, ddd, telefone, codigo_endereco ) VALUES ( 211, 'contato@distribuidorapereira.com.br', '062', '943217654', 211);
INSERT INTO curso_ecommerce.tb_cliente( codigo_cliente, email, ddd, telefone, codigo_endereco ) VALUES ( 212, 'contato@souzamateriais.com.br', '071', '932156789', 212);
INSERT INTO curso_ecommerce.tb_cliente( codigo_cliente, email, ddd, telefone, codigo_endereco ) VALUES ( 213, 'contato@imoveisfernandes.com.br', '085', '921876543', 213);
INSERT INTO curso_ecommerce.tb_cliente( codigo_cliente, email, ddd, telefone, codigo_endereco ) VALUES ( 214, 'contato@cardosoit.com.br', '084', '954123789', 214);
INSERT INTO curso_ecommerce.tb_cliente( codigo_cliente, email, ddd, telefone, codigo_endereco ) VALUES ( 215, 'contato@hoteisribeiro.com.br', '083', '967891234', 215);
INSERT INTO curso_ecommerce.tb_cliente( codigo_cliente, email, ddd, telefone, codigo_endereco ) VALUES ( 216, 'contato@barbosaeventos.com.br', '017', '945678123', 216);
INSERT INTO curso_ecommerce.tb_cliente( codigo_cliente, email, ddd, telefone, codigo_endereco ) VALUES ( 217, 'contato@farmaciasnascimento.com.br', '014', '934567812', 217);
INSERT INTO curso_ecommerce.tb_cliente( codigo_cliente, email, ddd, telefone, codigo_endereco ) VALUES ( 218, 'contato@camposdesign.com.br', '016', '956781234', 218);
INSERT INTO curso_ecommerce.tb_cliente( codigo_cliente, email, ddd, telefone, codigo_endereco ) VALUES ( 219, 'contato@agrovieira.com.br', '013', '923456789', 219);
INSERT INTO curso_ecommerce.tb_cliente( codigo_cliente, email, ddd, telefone, codigo_endereco ) VALUES ( 220, 'contato@moreiraenergia.com.br', '015', '945612378', 220);
INSERT INTO curso_ecommerce.tb_cliente( codigo_cliente, email, ddd, telefone, codigo_endereco ) VALUES ( 221, 'contato@contabilfreitas.com.br', '022', '932145678', 221);
INSERT INTO curso_ecommerce.tb_cliente( codigo_cliente, email, ddd, telefone, codigo_endereco ) VALUES ( 222, 'contato@segurancaandrade.com.br', '024', '921654387', 222);
INSERT INTO curso_ecommerce.tb_cliente( codigo_cliente, email, ddd, telefone, codigo_endereco ) VALUES ( 223, 'contato@decoracoesmendes.com.br', '028', '943217865', 223);
INSERT INTO curso_ecommerce.tb_cliente( codigo_cliente, email, ddd, telefone, codigo_endereco ) VALUES ( 224, 'contato@castroindustrial.com.br', '088', '965432187', 224);
INSERT INTO curso_ecommerce.tb_cliente( codigo_cliente, email, ddd, telefone, codigo_endereco ) VALUES ( 225, 'contato@papelariacarvalho.com.br', '086', '932178654', 225);
INSERT INTO curso_ecommerce.tb_cliente( codigo_cliente, email, ddd, telefone, codigo_endereco ) VALUES ( 226, 'contato@engenhariaduarte.com.br', '087', '945612389', 226);
INSERT INTO curso_ecommerce.tb_cliente( codigo_cliente, email, ddd, telefone, codigo_endereco ) VALUES ( 227, 'contato@teixeiraconsultores.com.br', '089', '954321678', 227);
INSERT INTO curso_ecommerce.tb_cliente( codigo_cliente, email, ddd, telefone, codigo_endereco ) VALUES ( 228, 'contato@moveisrocha.com.br', '082', '934561278', 228);
INSERT INTO curso_ecommerce.tb_cliente( codigo_cliente, email, ddd, telefone, codigo_endereco ) VALUES ( 229, 'contato@laboratoriocorreia.com.br', '091', '921543768', 229);
INSERT INTO curso_ecommerce.tb_cliente( codigo_cliente, email, ddd, telefone, codigo_endereco ) VALUES ( 230, 'contato@ferramentasbarros.com.br', '092', '943218756', 230);
INSERT INTO curso_ecommerce.tb_cliente( codigo_cliente, email, ddd, telefone, codigo_endereco ) VALUES ( 231, 'contato@segurossantos.com.br', '093', '932165487', 231);
INSERT INTO curso_ecommerce.tb_cliente( codigo_cliente, email, ddd, telefone, codigo_endereco ) VALUES ( 232, 'contato@advocaciapinto.com.br', '094', '965432178', 232);
INSERT INTO curso_ecommerce.tb_cliente( codigo_cliente, email, ddd, telefone, codigo_endereco ) VALUES ( 233, 'contato@alimentosmarques.com.br', '095', '943217865', 233);
INSERT INTO curso_ecommerce.tb_cliente( codigo_cliente, email, ddd, telefone, codigo_endereco ) VALUES ( 234, 'contato@cunhacomex.com.br', '096', '956781243', 234);
INSERT INTO curso_ecommerce.tb_cliente( codigo_cliente, email, ddd, telefone, codigo_endereco ) VALUES ( 235, 'contato@graficamelo.com.br', '097', '987654312', 235);
INSERT INTO curso_ecommerce.tb_cliente( codigo_cliente, email, ddd, telefone, codigo_endereco ) VALUES ( 236, 'contato@diassoftware.com.br', '098', '932156478', 236);
INSERT INTO curso_ecommerce.tb_cliente( codigo_cliente, email, ddd, telefone, codigo_endereco ) VALUES ( 237, 'contato@ecofarias.com.br', '099', '921876534', 237);
INSERT INTO curso_ecommerce.tb_cliente( codigo_cliente, email, ddd, telefone, codigo_endereco ) VALUES ( 238, 'contato@ecommercemachado.com.br', '018', '967812345', 238);
INSERT INTO curso_ecommerce.tb_cliente( codigo_cliente, email, ddd, telefone, codigo_endereco ) VALUES ( 239, 'contato@esportelopes.com.br', '012', '945678132', 239);
INSERT INTO curso_ecommerce.tb_cliente( codigo_cliente, email, ddd, telefone, codigo_endereco ) VALUES ( 240, 'contato@clinicaxavier.com.br', '043', '956743281', 240);
INSERT INTO curso_ecommerce.tb_cliente( codigo_cliente, email, ddd, telefone, codigo_endereco ) VALUES ( 241, 'contato@juridicoborges.com.br', '044', '987632145', 241);
INSERT INTO curso_ecommerce.tb_cliente( codigo_cliente, email, ddd, telefone, codigo_endereco ) VALUES ( 242, 'contato@automacaoviana.com.br', '045', '965432178', 242);
INSERT INTO curso_ecommerce.tb_cliente( codigo_cliente, email, ddd, telefone, codigo_endereco ) VALUES ( 243, 'contato@soaresmarketing.com.br', '046', '932165478', 243);
INSERT INTO curso_ecommerce.tb_cliente( codigo_cliente, email, ddd, telefone, codigo_endereco ) VALUES ( 244, 'contato@institutopeixoto.com.br', '048', '921876543', 244);
INSERT INTO curso_ecommerce.tb_cliente( codigo_cliente, email, ddd, telefone, codigo_endereco ) VALUES ( 245, 'contato@mineradorasilva.com.br', '049', '945678132', 245);
INSERT INTO curso_ecommerce.tb_cliente( codigo_cliente, email, ddd, telefone, codigo_endereco ) VALUES ( 246, 'contato@vetoliveira.com.br', '011', '954321876', 246);
INSERT INTO curso_ecommerce.tb_cliente( codigo_cliente, email, ddd, telefone, codigo_endereco ) VALUES ( 247, 'contato@rhferreira.com.br', '021', '932156789', 247);
INSERT INTO curso_ecommerce.tb_cliente( codigo_cliente, email, ddd, telefone, codigo_endereco ) VALUES ( 248, 'contato@costaeletronicos.com.br', '031', '921876543', 248);
INSERT INTO curso_ecommerce.tb_cliente( codigo_cliente, email, ddd, telefone, codigo_endereco ) VALUES ( 249, 'contato@representacoesalmeida.com.br', '047', '945678123', 249);
INSERT INTO curso_ecommerce.tb_cliente( codigo_cliente, email, ddd, telefone, codigo_endereco ) VALUES ( 250, 'contato@cleanlima.com.br', '019', '932167845', 250);
INSERT INTO curso_ecommerce.tb_cliente( codigo_cliente, email, ddd, telefone, codigo_endereco ) VALUES ( 251, 'contato@textilmartins.com.br', '081', '921843765', 251);
INSERT INTO curso_ecommerce.tb_cliente( codigo_cliente, email, ddd, telefone, codigo_endereco ) VALUES ( 252, 'contato@funerariarodrigues.com.br', '027', '956743281', 252);
INSERT INTO curso_ecommerce.tb_cliente( codigo_cliente, email, ddd, telefone, codigo_endereco ) VALUES ( 253, 'contato@urbanismogomes.com.br', '041', '945678132', 253);
INSERT INTO curso_ecommerce.tb_cliente( codigo_cliente, email, ddd, telefone, codigo_endereco ) VALUES ( 254, 'contato@reciclagempereira.com.br', '051', '932156478', 254);
INSERT INTO curso_ecommerce.tb_cliente( codigo_cliente, email, ddd, telefone, codigo_endereco ) VALUES ( 255, 'contato@tisouza.com.br', '061', '921876534', 255);
INSERT INTO curso_ecommerce.tb_cliente( codigo_cliente, email, ddd, telefone, codigo_endereco ) VALUES ( 256, 'contato@quimicafernandes.com.br', '062', '965432178', 256);
INSERT INTO curso_ecommerce.tb_cliente( codigo_cliente, email, ddd, telefone, codigo_endereco ) VALUES ( 257, 'contato@festascardoso.com.br', '071', '948765321', 257);
INSERT INTO curso_ecommerce.tb_cliente( codigo_cliente, email, ddd, telefone, codigo_endereco ) VALUES ( 258, 'contato@couroribeiro.com.br', '085', '956743281', 258);
INSERT INTO curso_ecommerce.tb_cliente( codigo_cliente, email, ddd, telefone, codigo_endereco ) VALUES ( 259, 'contato@postobarbosa.com.br', '084', '934567812', 259);
INSERT INTO curso_ecommerce.tb_cliente( codigo_cliente, email, ddd, telefone, codigo_endereco ) VALUES ( 260, 'contato@casanascimento.com.br', '083', '921654387', 260);
INSERT INTO curso_ecommerce.tb_cliente( codigo_cliente, email, ddd, telefone, codigo_endereco ) VALUES ( 261, 'contato@expresscampos.com.br', '017', '943217865', 261);
INSERT INTO curso_ecommerce.tb_cliente( codigo_cliente, email, ddd, telefone, codigo_endereco ) VALUES ( 262, 'contato@eletricavieira.com.br', '014', '932178654', 262);
INSERT INTO curso_ecommerce.tb_cliente( codigo_cliente, email, ddd, telefone, codigo_endereco ) VALUES ( 263, 'contato@webmoreira.com.br', '016', '921543768', 263);
INSERT INTO curso_ecommerce.tb_cliente( codigo_cliente, email, ddd, telefone, codigo_endereco ) VALUES ( 264, 'contato@madeireirafreitas.com.br', '013', '932165487', 264);
INSERT INTO curso_ecommerce.tb_cliente( codigo_cliente, email, ddd, telefone, codigo_endereco ) VALUES ( 265, 'contato@andradetreinamentos.com.br', '015', '965432178', 265);
INSERT INTO curso_ecommerce.tb_cliente( codigo_cliente, email, ddd, telefone, codigo_endereco ) VALUES ( 266, 'contato@planejadosmendes.com.br', '022', '954321876', 266);
INSERT INTO curso_ecommerce.tb_cliente( codigo_cliente, email, ddd, telefone, codigo_endereco ) VALUES ( 267, 'contato@segurancacastro.com.br', '024', '932156789', 267);
INSERT INTO curso_ecommerce.tb_cliente( codigo_cliente, email, ddd, telefone, codigo_endereco ) VALUES ( 268, 'contato@gestaocarvalho.com.br', '028', '921876543', 268);
INSERT INTO curso_ecommerce.tb_cliente( codigo_cliente, email, ddd, telefone, codigo_endereco ) VALUES ( 269, 'contato@naturaisduarte.com.br', '088', '954321678', 269);
INSERT INTO curso_ecommerce.tb_cliente( codigo_cliente, email, ddd, telefone, codigo_endereco ) VALUES ( 270, 'contato@embalagemteixeira.com.br', '086', '932165478', 270);
INSERT INTO curso_ecommerce.tb_cliente( codigo_cliente, email, ddd, telefone, codigo_endereco ) VALUES ( 271, 'contato@ferragensrocha.com.br', '087', '921876543', 271);
INSERT INTO curso_ecommerce.tb_cliente( codigo_cliente, email, ddd, telefone, codigo_endereco ) VALUES ( 272, 'contato@odontocorreia.com.br', '089', '965432198', 272);
INSERT INTO curso_ecommerce.tb_cliente( codigo_cliente, email, ddd, telefone, codigo_endereco ) VALUES ( 273, 'contato@distribuidorabarros.com.br', '082', '943218765', 273);
INSERT INTO curso_ecommerce.tb_cliente( codigo_cliente, email, ddd, telefone, codigo_endereco ) VALUES ( 274, 'contato@agrosantos.com.br', '091', '932165478', 274);
INSERT INTO curso_ecommerce.tb_cliente( codigo_cliente, email, ddd, telefone, codigo_endereco ) VALUES ( 275, 'contato@locadorapinto.com.br', '092', '945678123', 275);
INSERT INTO curso_ecommerce.tb_cliente( codigo_cliente, email, ddd, telefone, codigo_endereco ) VALUES ( 276, 'contato@confeccoesmarques.com.br', '093', '932145678', 276);
INSERT INTO curso_ecommerce.tb_cliente( codigo_cliente, email, ddd, telefone, codigo_endereco ) VALUES ( 277, 'contato@informaticacunha.com.br', '094', '954321876', 277);
INSERT INTO curso_ecommerce.tb_cliente( codigo_cliente, email, ddd, telefone, codigo_endereco ) VALUES ( 278, 'contato@assistenciamelo.com.br', '095', '932156789', 278);
INSERT INTO curso_ecommerce.tb_cliente( codigo_cliente, email, ddd, telefone, codigo_endereco ) VALUES ( 279, 'contato@financeiradias.com.br', '096', '921876543', 279);
INSERT INTO curso_ecommerce.tb_cliente( codigo_cliente, email, ddd, telefone, codigo_endereco ) VALUES ( 280, 'contato@belezafarias.com.br', '097', '945678123', 280);
INSERT INTO curso_ecommerce.tb_cliente( codigo_cliente, email, ddd, telefone, codigo_endereco ) VALUES ( 281, 'contato@fotomachado.com.br', '098', '932167845', 281);
INSERT INTO curso_ecommerce.tb_cliente( codigo_cliente, email, ddd, telefone, codigo_endereco ) VALUES ( 282, 'contato@vidracarialopes.com.br', '099', '921843765', 282);
INSERT INTO curso_ecommerce.tb_cliente( codigo_cliente, email, ddd, telefone, codigo_endereco ) VALUES ( 283, 'contato@refrigeracaoxavier.com.br', '018', '956743281', 283);
INSERT INTO curso_ecommerce.tb_cliente( codigo_cliente, email, ddd, telefone, codigo_endereco ) VALUES ( 284, 'contato@turismoborges.com.br', '012', '945678132', 284);
INSERT INTO curso_ecommerce.tb_cliente( codigo_cliente, email, ddd, telefone, codigo_endereco ) VALUES ( 285, 'contato@hidraulicaviana.com.br', '043', '932156478', 285);
INSERT INTO curso_ecommerce.tb_cliente( codigo_cliente, email, ddd, telefone, codigo_endereco ) VALUES ( 286, 'contato@pneussoares.com.br', '044', '921876534', 286);
INSERT INTO curso_ecommerce.tb_cliente( codigo_cliente, email, ddd, telefone, codigo_endereco ) VALUES ( 287, 'contato@ambientalpeixoto.com.br', '045', '965432178', 287);
INSERT INTO curso_ecommerce.tb_cliente( codigo_cliente, email, ddd, telefone, codigo_endereco ) VALUES ( 288, 'contato@hospitalarsilva.com.br', '046', '943218765', 288);
INSERT INTO curso_ecommerce.tb_cliente( codigo_cliente, email, ddd, telefone, codigo_endereco ) VALUES ( 289, 'contato@jardimoliveira.com.br', '048', '932165478', 289);
INSERT INTO curso_ecommerce.tb_cliente( codigo_cliente, email, ddd, telefone, codigo_endereco ) VALUES ( 290, 'contato@religiososferreira.com.br', '049', '921876543', 290);
INSERT INTO curso_ecommerce.tb_cliente( codigo_cliente, email, ddd, telefone, codigo_endereco ) VALUES ( 291, 'contato@buffetcosta.com.br', '011', '954321876', 291);
INSERT INTO curso_ecommerce.tb_cliente( codigo_cliente, email, ddd, telefone, codigo_endereco ) VALUES ( 292, 'contato@segurancaalmeida.com.br', '021', '932156789', 292);
INSERT INTO curso_ecommerce.tb_cliente( codigo_cliente, email, ddd, telefone, codigo_endereco ) VALUES ( 293, 'contato@tilima.com.br', '031', '921876543', 293);
INSERT INTO curso_ecommerce.tb_cliente( codigo_cliente, email, ddd, telefone, codigo_endereco ) VALUES ( 294, 'contato@contabilidademartins.com.br', '047', '945678123', 294);
INSERT INTO curso_ecommerce.tb_cliente( codigo_cliente, email, ddd, telefone, codigo_endereco ) VALUES ( 295, 'contato@acorodrigues.com.br', '019', '932167845', 295);
INSERT INTO curso_ecommerce.tb_cliente( codigo_cliente, email, ddd, telefone, codigo_endereco ) VALUES ( 296, 'contato@digitalgomes.com.br', '081', '921843765', 296);
INSERT INTO curso_ecommerce.tb_cliente( codigo_cliente, email, ddd, telefone, codigo_endereco ) VALUES ( 297, 'contato@tintaspereira.com.br', '027', '956743281', 297);
INSERT INTO curso_ecommerce.tb_cliente( codigo_cliente, email, ddd, telefone, codigo_endereco ) VALUES ( 298, 'contato@organicossouza.com.br', '041', '945678132', 298);
INSERT INTO curso_ecommerce.tb_cliente( codigo_cliente, email, ddd, telefone, codigo_endereco ) VALUES ( 299, 'contato@sistemasfernandes.com.br', '051', '932156478', 299);
INSERT INTO curso_ecommerce.tb_cliente( codigo_cliente, email, ddd, telefone, codigo_endereco ) VALUES ( 300, 'contato@engenhariacardoso.com.br', '061', '921876534', 300);
INSERT INTO curso_ecommerce.tb_cliente_pessoa_fisica( codigo_cliente, cpf, nome ) VALUES ( 1, '12345678901', 'Maria Silva');
INSERT INTO curso_ecommerce.tb_cliente_pessoa_fisica( codigo_cliente, cpf, nome ) VALUES ( 2, '23456789012', 'João Santos');
INSERT INTO curso_ecommerce.tb_cliente_pessoa_fisica( codigo_cliente, cpf, nome ) VALUES ( 3, '34567890123', 'Ana Oliveira');
INSERT INTO curso_ecommerce.tb_cliente_pessoa_fisica( codigo_cliente, cpf, nome ) VALUES ( 4, '45678901234', 'Carlos Ferreira');
INSERT INTO curso_ecommerce.tb_cliente_pessoa_fisica( codigo_cliente, cpf, nome ) VALUES ( 5, '56789012345', 'Juliana Costa');
INSERT INTO curso_ecommerce.tb_cliente_pessoa_fisica( codigo_cliente, cpf, nome ) VALUES ( 6, '67890123456', 'Roberto Almeida');
INSERT INTO curso_ecommerce.tb_cliente_pessoa_fisica( codigo_cliente, cpf, nome ) VALUES ( 7, '78901234567', 'Patricia Lima');
INSERT INTO curso_ecommerce.tb_cliente_pessoa_fisica( codigo_cliente, cpf, nome ) VALUES ( 8, '89012345678', 'Felipe Martins');
INSERT INTO curso_ecommerce.tb_cliente_pessoa_fisica( codigo_cliente, cpf, nome ) VALUES ( 9, '90123456789', 'Camila Rodrigues');
INSERT INTO curso_ecommerce.tb_cliente_pessoa_fisica( codigo_cliente, cpf, nome ) VALUES ( 10, '01234567890', 'Leonardo Gomes');
INSERT INTO curso_ecommerce.tb_cliente_pessoa_fisica( codigo_cliente, cpf, nome ) VALUES ( 11, '10234567891', 'Isabela Pereira');
INSERT INTO curso_ecommerce.tb_cliente_pessoa_fisica( codigo_cliente, cpf, nome ) VALUES ( 12, '20345678912', 'Gabriel Souza');
INSERT INTO curso_ecommerce.tb_cliente_pessoa_fisica( codigo_cliente, cpf, nome ) VALUES ( 13, '30456789013', 'Rafaela Fernandes');
INSERT INTO curso_ecommerce.tb_cliente_pessoa_fisica( codigo_cliente, cpf, nome ) VALUES ( 14, '40567890124', 'Diego Cardoso');
INSERT INTO curso_ecommerce.tb_cliente_pessoa_fisica( codigo_cliente, cpf, nome ) VALUES ( 15, '50678901235', 'Amanda Ribeiro');
INSERT INTO curso_ecommerce.tb_cliente_pessoa_fisica( codigo_cliente, cpf, nome ) VALUES ( 16, '60789012346', 'Lucas Barbosa');
INSERT INTO curso_ecommerce.tb_cliente_pessoa_fisica( codigo_cliente, cpf, nome ) VALUES ( 17, '70890123457', 'Beatriz Nascimento');
INSERT INTO curso_ecommerce.tb_cliente_pessoa_fisica( codigo_cliente, cpf, nome ) VALUES ( 18, '80901234568', 'Marcos Campos');
INSERT INTO curso_ecommerce.tb_cliente_pessoa_fisica( codigo_cliente, cpf, nome ) VALUES ( 19, '90012345679', 'Laura Vieira');
INSERT INTO curso_ecommerce.tb_cliente_pessoa_fisica( codigo_cliente, cpf, nome ) VALUES ( 20, '00123456780', 'Guilherme Moreira');
INSERT INTO curso_ecommerce.tb_cliente_pessoa_fisica( codigo_cliente, cpf, nome ) VALUES ( 21, '10234557891', 'Carolina Freitas');
INSERT INTO curso_ecommerce.tb_cliente_pessoa_fisica( codigo_cliente, cpf, nome ) VALUES ( 22, '20345678902', 'Vitor Andrade');
INSERT INTO curso_ecommerce.tb_cliente_pessoa_fisica( codigo_cliente, cpf, nome ) VALUES ( 23, '40456789013', 'Julia Mendes');
INSERT INTO curso_ecommerce.tb_cliente_pessoa_fisica( codigo_cliente, cpf, nome ) VALUES ( 24, '99567890124', 'Ricardo Castro');
INSERT INTO curso_ecommerce.tb_cliente_pessoa_fisica( codigo_cliente, cpf, nome ) VALUES ( 25, '55678901235', 'Larissa Carvalho');
INSERT INTO curso_ecommerce.tb_cliente_pessoa_fisica( codigo_cliente, cpf, nome ) VALUES ( 26, '66789012346', 'Douglas Duarte');
INSERT INTO curso_ecommerce.tb_cliente_pessoa_fisica( codigo_cliente, cpf, nome ) VALUES ( 27, '77890123457', 'Leticia Teixeira');
INSERT INTO curso_ecommerce.tb_cliente_pessoa_fisica( codigo_cliente, cpf, nome ) VALUES ( 28, '88901234568', 'Matheus Rocha');
INSERT INTO curso_ecommerce.tb_cliente_pessoa_fisica( codigo_cliente, cpf, nome ) VALUES ( 29, '00012345679', 'Luiza Correia');
INSERT INTO curso_ecommerce.tb_cliente_pessoa_fisica( codigo_cliente, cpf, nome ) VALUES ( 30, '11123456780', 'Henrique Barros');
INSERT INTO curso_ecommerce.tb_cliente_pessoa_fisica( codigo_cliente, cpf, nome ) VALUES ( 31, '30234567891', 'Fernanda Santos');
INSERT INTO curso_ecommerce.tb_cliente_pessoa_fisica( codigo_cliente, cpf, nome ) VALUES ( 32, '22345678902', 'Bruno Pinto');
INSERT INTO curso_ecommerce.tb_cliente_pessoa_fisica( codigo_cliente, cpf, nome ) VALUES ( 33, '33456789013', 'Bianca Marques');
INSERT INTO curso_ecommerce.tb_cliente_pessoa_fisica( codigo_cliente, cpf, nome ) VALUES ( 34, '44567890124', 'Pedro Cunha');
INSERT INTO curso_ecommerce.tb_cliente_pessoa_fisica( codigo_cliente, cpf, nome ) VALUES ( 35, '55678991235', 'Valentina Melo');
INSERT INTO curso_ecommerce.tb_cliente_pessoa_fisica( codigo_cliente, cpf, nome ) VALUES ( 36, '66789022346', 'Thiago Dias');
INSERT INTO curso_ecommerce.tb_cliente_pessoa_fisica( codigo_cliente, cpf, nome ) VALUES ( 37, '77890333457', 'Natalia Farias');
INSERT INTO curso_ecommerce.tb_cliente_pessoa_fisica( codigo_cliente, cpf, nome ) VALUES ( 38, '88902224568', 'Gustavo Machado');
INSERT INTO curso_ecommerce.tb_cliente_pessoa_fisica( codigo_cliente, cpf, nome ) VALUES ( 39, '90045645679', 'Vitoria Oliveira');
INSERT INTO curso_ecommerce.tb_cliente_pessoa_fisica( codigo_cliente, cpf, nome ) VALUES ( 40, '00123000780', 'Rodrigo Silva');
INSERT INTO curso_ecommerce.tb_cliente_pessoa_fisica( codigo_cliente, cpf, nome ) VALUES ( 41, '12345678911', 'Aline Costa');
INSERT INTO curso_ecommerce.tb_cliente_pessoa_fisica( codigo_cliente, cpf, nome ) VALUES ( 42, '23456789022', 'Fabio Ferreira');
INSERT INTO curso_ecommerce.tb_cliente_pessoa_fisica( codigo_cliente, cpf, nome ) VALUES ( 43, '34567890133', 'Lorena Almeida');
INSERT INTO curso_ecommerce.tb_cliente_pessoa_fisica( codigo_cliente, cpf, nome ) VALUES ( 44, '45678901244', 'Marcelo Lima');
INSERT INTO curso_ecommerce.tb_cliente_pessoa_fisica( codigo_cliente, cpf, nome ) VALUES ( 45, '56789012355', 'Renata Martins');
INSERT INTO curso_ecommerce.tb_cliente_pessoa_fisica( codigo_cliente, cpf, nome ) VALUES ( 46, '67890123466', 'Andre Rodrigues');
INSERT INTO curso_ecommerce.tb_cliente_pessoa_fisica( codigo_cliente, cpf, nome ) VALUES ( 47, '78901234577', 'Cristina Gomes');
INSERT INTO curso_ecommerce.tb_cliente_pessoa_fisica( codigo_cliente, cpf, nome ) VALUES ( 48, '89012345688', 'Daniel Pereira');
INSERT INTO curso_ecommerce.tb_cliente_pessoa_fisica( codigo_cliente, cpf, nome ) VALUES ( 49, '90123456799', 'Elaine Souza');
INSERT INTO curso_ecommerce.tb_cliente_pessoa_fisica( codigo_cliente, cpf, nome ) VALUES ( 50, '01234567800', 'Fernando Fernandes');
INSERT INTO curso_ecommerce.tb_cliente_pessoa_fisica( codigo_cliente, cpf, nome ) VALUES ( 51, '11234567901', 'Gisele Cardoso');
INSERT INTO curso_ecommerce.tb_cliente_pessoa_fisica( codigo_cliente, cpf, nome ) VALUES ( 52, '22345678012', 'Hugo Ribeiro');
INSERT INTO curso_ecommerce.tb_cliente_pessoa_fisica( codigo_cliente, cpf, nome ) VALUES ( 53, '33456789123', 'Iris Barbosa');
INSERT INTO curso_ecommerce.tb_cliente_pessoa_fisica( codigo_cliente, cpf, nome ) VALUES ( 54, '44567890234', 'Jefferson Nascimento');
INSERT INTO curso_ecommerce.tb_cliente_pessoa_fisica( codigo_cliente, cpf, nome ) VALUES ( 55, '55678901345', 'Karina Campos');
INSERT INTO curso_ecommerce.tb_cliente_pessoa_fisica( codigo_cliente, cpf, nome ) VALUES ( 56, '66789012456', 'Luciano Vieira');
INSERT INTO curso_ecommerce.tb_cliente_pessoa_fisica( codigo_cliente, cpf, nome ) VALUES ( 57, '77890123567', 'Marcia Moreira');
INSERT INTO curso_ecommerce.tb_cliente_pessoa_fisica( codigo_cliente, cpf, nome ) VALUES ( 58, '88901234678', 'Nelson Freitas');
INSERT INTO curso_ecommerce.tb_cliente_pessoa_fisica( codigo_cliente, cpf, nome ) VALUES ( 59, '99012345789', 'Olivia Andrade');
INSERT INTO curso_ecommerce.tb_cliente_pessoa_fisica( codigo_cliente, cpf, nome ) VALUES ( 60, '00123456890', 'Paulo Mendes');
INSERT INTO curso_ecommerce.tb_cliente_pessoa_fisica( codigo_cliente, cpf, nome ) VALUES ( 61, '11255567901', 'Quintino Castro');
INSERT INTO curso_ecommerce.tb_cliente_pessoa_fisica( codigo_cliente, cpf, nome ) VALUES ( 62, '22345668012', 'Raquel Carvalho');
INSERT INTO curso_ecommerce.tb_cliente_pessoa_fisica( codigo_cliente, cpf, nome ) VALUES ( 63, '33456999123', 'Samuel Duarte');
INSERT INTO curso_ecommerce.tb_cliente_pessoa_fisica( codigo_cliente, cpf, nome ) VALUES ( 64, '44588890234', 'Talita Teixeira');
INSERT INTO curso_ecommerce.tb_cliente_pessoa_fisica( codigo_cliente, cpf, nome ) VALUES ( 65, '55670001345', 'Ulisses Rocha');
INSERT INTO curso_ecommerce.tb_cliente_pessoa_fisica( codigo_cliente, cpf, nome ) VALUES ( 66, '66789012126', 'Vanessa Correia');
INSERT INTO curso_ecommerce.tb_cliente_pessoa_fisica( codigo_cliente, cpf, nome ) VALUES ( 67, '00090123567', 'Wagner Barros');
INSERT INTO curso_ecommerce.tb_cliente_pessoa_fisica( codigo_cliente, cpf, nome ) VALUES ( 68, '88902020678', 'Xuxa Pinto');
INSERT INTO curso_ecommerce.tb_cliente_pessoa_fisica( codigo_cliente, cpf, nome ) VALUES ( 69, '99012340000', 'Yasmin Marques');
INSERT INTO curso_ecommerce.tb_cliente_pessoa_fisica( codigo_cliente, cpf, nome ) VALUES ( 70, '33123456890', 'Zacarias Cunha');
INSERT INTO curso_ecommerce.tb_cliente_pessoa_fisica( codigo_cliente, cpf, nome ) VALUES ( 71, '12345670001', 'Angela Melo');
INSERT INTO curso_ecommerce.tb_cliente_pessoa_fisica( codigo_cliente, cpf, nome ) VALUES ( 72, '23456780002', 'Bernardo Dias');
INSERT INTO curso_ecommerce.tb_cliente_pessoa_fisica( codigo_cliente, cpf, nome ) VALUES ( 73, '34567890003', 'Cecilia Farias');
INSERT INTO curso_ecommerce.tb_cliente_pessoa_fisica( codigo_cliente, cpf, nome ) VALUES ( 74, '45678900004', 'Dante Machado');
INSERT INTO curso_ecommerce.tb_cliente_pessoa_fisica( codigo_cliente, cpf, nome ) VALUES ( 75, '56789000005', 'Eduarda Lopes');
INSERT INTO curso_ecommerce.tb_cliente_pessoa_fisica( codigo_cliente, cpf, nome ) VALUES ( 76, '67890000006', 'Fabiano Xavier');
INSERT INTO curso_ecommerce.tb_cliente_pessoa_fisica( codigo_cliente, cpf, nome ) VALUES ( 77, '78900000007', 'Giovanna Borges');
INSERT INTO curso_ecommerce.tb_cliente_pessoa_fisica( codigo_cliente, cpf, nome ) VALUES ( 78, '89000000008', 'Heitor Viana');
INSERT INTO curso_ecommerce.tb_cliente_pessoa_fisica( codigo_cliente, cpf, nome ) VALUES ( 79, '90000000009', 'Ingrid Soares');
INSERT INTO curso_ecommerce.tb_cliente_pessoa_fisica( codigo_cliente, cpf, nome ) VALUES ( 80, '00000000010', 'Julio Peixoto');
INSERT INTO curso_ecommerce.tb_cliente_pessoa_fisica( codigo_cliente, cpf, nome ) VALUES ( 81, '10000000011', 'Kamila Santos');
INSERT INTO curso_ecommerce.tb_cliente_pessoa_fisica( codigo_cliente, cpf, nome ) VALUES ( 82, '20000000012', 'Leandro Silva');
INSERT INTO curso_ecommerce.tb_cliente_pessoa_fisica( codigo_cliente, cpf, nome ) VALUES ( 83, '30000000013', 'Melissa Oliveira');
INSERT INTO curso_ecommerce.tb_cliente_pessoa_fisica( codigo_cliente, cpf, nome ) VALUES ( 84, '40000000014', 'Natan Ferreira');
INSERT INTO curso_ecommerce.tb_cliente_pessoa_fisica( codigo_cliente, cpf, nome ) VALUES ( 85, '50000000015', 'Otavio Costa');
INSERT INTO curso_ecommerce.tb_cliente_pessoa_fisica( codigo_cliente, cpf, nome ) VALUES ( 86, '60000000016', 'Poliana Almeida');
INSERT INTO curso_ecommerce.tb_cliente_pessoa_fisica( codigo_cliente, cpf, nome ) VALUES ( 87, '70000000017', 'Queiroz Lima');
INSERT INTO curso_ecommerce.tb_cliente_pessoa_fisica( codigo_cliente, cpf, nome ) VALUES ( 88, '80000000018', 'Rebeca Martins');
INSERT INTO curso_ecommerce.tb_cliente_pessoa_fisica( codigo_cliente, cpf, nome ) VALUES ( 89, '90000000019', 'Sergio Rodrigues');
INSERT INTO curso_ecommerce.tb_cliente_pessoa_fisica( codigo_cliente, cpf, nome ) VALUES ( 90, '00000000020', 'Tamires Gomes');
INSERT INTO curso_ecommerce.tb_cliente_pessoa_fisica( codigo_cliente, cpf, nome ) VALUES ( 91, '10000000021', 'Umberto Pereira');
INSERT INTO curso_ecommerce.tb_cliente_pessoa_fisica( codigo_cliente, cpf, nome ) VALUES ( 92, '20000000022', 'Vivian Souza');
INSERT INTO curso_ecommerce.tb_cliente_pessoa_fisica( codigo_cliente, cpf, nome ) VALUES ( 93, '30000000023', 'William Fernandes');
INSERT INTO curso_ecommerce.tb_cliente_pessoa_fisica( codigo_cliente, cpf, nome ) VALUES ( 94, '40000000024', 'Ximena Cardoso');
INSERT INTO curso_ecommerce.tb_cliente_pessoa_fisica( codigo_cliente, cpf, nome ) VALUES ( 95, '50000000025', 'Yuri Ribeiro');
INSERT INTO curso_ecommerce.tb_cliente_pessoa_fisica( codigo_cliente, cpf, nome ) VALUES ( 96, '60000000026', 'Zelia Barbosa');
INSERT INTO curso_ecommerce.tb_cliente_pessoa_fisica( codigo_cliente, cpf, nome ) VALUES ( 97, '70000000027', 'Arnaldo Nascimento');
INSERT INTO curso_ecommerce.tb_cliente_pessoa_fisica( codigo_cliente, cpf, nome ) VALUES ( 98, '80000000028', 'Bruna Campos');
INSERT INTO curso_ecommerce.tb_cliente_pessoa_fisica( codigo_cliente, cpf, nome ) VALUES ( 99, '90000000029', 'Claudio Vieira');
INSERT INTO curso_ecommerce.tb_cliente_pessoa_fisica( codigo_cliente, cpf, nome ) VALUES ( 100, '00000000030', 'Denise Moreira');
INSERT INTO curso_ecommerce.tb_cliente_pessoa_fisica( codigo_cliente, cpf, nome ) VALUES ( 101, '10000000031', 'Ernesto Freitas');
INSERT INTO curso_ecommerce.tb_cliente_pessoa_fisica( codigo_cliente, cpf, nome ) VALUES ( 102, '20000000032', 'Flavia Andrade');
INSERT INTO curso_ecommerce.tb_cliente_pessoa_fisica( codigo_cliente, cpf, nome ) VALUES ( 103, '30000000033', 'Gilberto Mendes');
INSERT INTO curso_ecommerce.tb_cliente_pessoa_fisica( codigo_cliente, cpf, nome ) VALUES ( 104, '40000000034', 'Helena Castro');
INSERT INTO curso_ecommerce.tb_cliente_pessoa_fisica( codigo_cliente, cpf, nome ) VALUES ( 105, '50000000035', 'Ivo Carvalho');
INSERT INTO curso_ecommerce.tb_cliente_pessoa_fisica( codigo_cliente, cpf, nome ) VALUES ( 106, '60000000036', 'Joice Duarte');
INSERT INTO curso_ecommerce.tb_cliente_pessoa_fisica( codigo_cliente, cpf, nome ) VALUES ( 107, '70000000037', 'Kelvin Teixeira');
INSERT INTO curso_ecommerce.tb_cliente_pessoa_fisica( codigo_cliente, cpf, nome ) VALUES ( 108, '80000000038', 'Livia Rocha');
INSERT INTO curso_ecommerce.tb_cliente_pessoa_fisica( codigo_cliente, cpf, nome ) VALUES ( 109, '90000000039', 'Murilo Correia');
INSERT INTO curso_ecommerce.tb_cliente_pessoa_fisica( codigo_cliente, cpf, nome ) VALUES ( 110, '00000000040', 'Neide Barros');
INSERT INTO curso_ecommerce.tb_cliente_pessoa_fisica( codigo_cliente, cpf, nome ) VALUES ( 111, '10000000041', 'Orlando Pinto');
INSERT INTO curso_ecommerce.tb_cliente_pessoa_fisica( codigo_cliente, cpf, nome ) VALUES ( 112, '20000000042', 'Priscila Marques');
INSERT INTO curso_ecommerce.tb_cliente_pessoa_fisica( codigo_cliente, cpf, nome ) VALUES ( 113, '30000000043', 'Quirino Cunha');
INSERT INTO curso_ecommerce.tb_cliente_pessoa_fisica( codigo_cliente, cpf, nome ) VALUES ( 114, '40000000044', 'Regina Melo');
INSERT INTO curso_ecommerce.tb_cliente_pessoa_fisica( codigo_cliente, cpf, nome ) VALUES ( 115, '50000000045', 'Silvio Dias');
INSERT INTO curso_ecommerce.tb_cliente_pessoa_fisica( codigo_cliente, cpf, nome ) VALUES ( 116, '60000000046', 'Tatiane Farias');
INSERT INTO curso_ecommerce.tb_cliente_pessoa_fisica( codigo_cliente, cpf, nome ) VALUES ( 117, '70000000047', 'Ugo Machado');
INSERT INTO curso_ecommerce.tb_cliente_pessoa_fisica( codigo_cliente, cpf, nome ) VALUES ( 118, '80000000048', 'Valeria Lopes');
INSERT INTO curso_ecommerce.tb_cliente_pessoa_fisica( codigo_cliente, cpf, nome ) VALUES ( 119, '90000000049', 'Wilson Xavier');
INSERT INTO curso_ecommerce.tb_cliente_pessoa_fisica( codigo_cliente, cpf, nome ) VALUES ( 120, '00000000050', 'Yana Borges');
INSERT INTO curso_ecommerce.tb_cliente_pessoa_fisica( codigo_cliente, cpf, nome ) VALUES ( 121, '10000000051', 'Zeus Viana');
INSERT INTO curso_ecommerce.tb_cliente_pessoa_fisica( codigo_cliente, cpf, nome ) VALUES ( 122, '20000000052', 'Adriana Soares');
INSERT INTO curso_ecommerce.tb_cliente_pessoa_fisica( codigo_cliente, cpf, nome ) VALUES ( 123, '30000000053', 'Bruno Peixoto');
INSERT INTO curso_ecommerce.tb_cliente_pessoa_fisica( codigo_cliente, cpf, nome ) VALUES ( 124, '40000000054', 'Carla Santos');
INSERT INTO curso_ecommerce.tb_cliente_pessoa_fisica( codigo_cliente, cpf, nome ) VALUES ( 125, '50000000055', 'Davi Silva');
INSERT INTO curso_ecommerce.tb_cliente_pessoa_fisica( codigo_cliente, cpf, nome ) VALUES ( 126, '60000000056', 'Eva Oliveira');
INSERT INTO curso_ecommerce.tb_cliente_pessoa_fisica( codigo_cliente, cpf, nome ) VALUES ( 127, '70000000057', 'Fabio Ferreira');
INSERT INTO curso_ecommerce.tb_cliente_pessoa_fisica( codigo_cliente, cpf, nome ) VALUES ( 128, '80000000058', 'Gabriela Costa');
INSERT INTO curso_ecommerce.tb_cliente_pessoa_fisica( codigo_cliente, cpf, nome ) VALUES ( 129, '90000000059', 'Haroldo Almeida');
INSERT INTO curso_ecommerce.tb_cliente_pessoa_fisica( codigo_cliente, cpf, nome ) VALUES ( 130, '00000000060', 'Isadora Lima');
INSERT INTO curso_ecommerce.tb_cliente_pessoa_fisica( codigo_cliente, cpf, nome ) VALUES ( 131, '10000000061', 'Jonas Martins');
INSERT INTO curso_ecommerce.tb_cliente_pessoa_fisica( codigo_cliente, cpf, nome ) VALUES ( 132, '20000000062', 'Katia Rodrigues');
INSERT INTO curso_ecommerce.tb_cliente_pessoa_fisica( codigo_cliente, cpf, nome ) VALUES ( 133, '30000000063', 'Lucio Gomes');
INSERT INTO curso_ecommerce.tb_cliente_pessoa_fisica( codigo_cliente, cpf, nome ) VALUES ( 134, '40000000064', 'Monica Pereira');
INSERT INTO curso_ecommerce.tb_cliente_pessoa_fisica( codigo_cliente, cpf, nome ) VALUES ( 135, '50000000065', 'Nivaldo Souza');
INSERT INTO curso_ecommerce.tb_cliente_pessoa_fisica( codigo_cliente, cpf, nome ) VALUES ( 136, '60000000066', 'Olga Fernandes');
INSERT INTO curso_ecommerce.tb_cliente_pessoa_fisica( codigo_cliente, cpf, nome ) VALUES ( 137, '70000000067', 'Paulo Cardoso');
INSERT INTO curso_ecommerce.tb_cliente_pessoa_fisica( codigo_cliente, cpf, nome ) VALUES ( 138, '80000000068', 'Queila Ribeiro');
INSERT INTO curso_ecommerce.tb_cliente_pessoa_fisica( codigo_cliente, cpf, nome ) VALUES ( 139, '90000000069', 'Ronaldo Barbosa');
INSERT INTO curso_ecommerce.tb_cliente_pessoa_fisica( codigo_cliente, cpf, nome ) VALUES ( 140, '00000000070', 'Silvia Nascimento');
INSERT INTO curso_ecommerce.tb_cliente_pessoa_fisica( codigo_cliente, cpf, nome ) VALUES ( 141, '10000000071', 'Tadeu Campos');
INSERT INTO curso_ecommerce.tb_cliente_pessoa_fisica( codigo_cliente, cpf, nome ) VALUES ( 142, '20000000072', 'Ursula Vieira');
INSERT INTO curso_ecommerce.tb_cliente_pessoa_fisica( codigo_cliente, cpf, nome ) VALUES ( 143, '30000000073', 'Vinicius Moreira');
INSERT INTO curso_ecommerce.tb_cliente_pessoa_fisica( codigo_cliente, cpf, nome ) VALUES ( 144, '40000000074', 'Wanda Freitas');
INSERT INTO curso_ecommerce.tb_cliente_pessoa_fisica( codigo_cliente, cpf, nome ) VALUES ( 145, '50000000075', 'Xavier Andrade');
INSERT INTO curso_ecommerce.tb_cliente_pessoa_fisica( codigo_cliente, cpf, nome ) VALUES ( 146, '60000000076', 'Yara Mendes');
INSERT INTO curso_ecommerce.tb_cliente_pessoa_fisica( codigo_cliente, cpf, nome ) VALUES ( 147, '70000000077', 'Zulmira Castro');
INSERT INTO curso_ecommerce.tb_cliente_pessoa_fisica( codigo_cliente, cpf, nome ) VALUES ( 148, '80000000078', 'Alex Carvalho');
INSERT INTO curso_ecommerce.tb_cliente_pessoa_fisica( codigo_cliente, cpf, nome ) VALUES ( 149, '90000000079', 'Beatriz Duarte');
INSERT INTO curso_ecommerce.tb_cliente_pessoa_fisica( codigo_cliente, cpf, nome ) VALUES ( 150, '00000000080', 'Ciro Teixeira');
INSERT INTO curso_ecommerce.tb_cliente_pessoa_fisica( codigo_cliente, cpf, nome ) VALUES ( 151, '10000000081', 'Dalila Rocha');
INSERT INTO curso_ecommerce.tb_cliente_pessoa_fisica( codigo_cliente, cpf, nome ) VALUES ( 152, '20000000082', 'Elton Correia');
INSERT INTO curso_ecommerce.tb_cliente_pessoa_fisica( codigo_cliente, cpf, nome ) VALUES ( 153, '30000000083', 'Flora Barros');
INSERT INTO curso_ecommerce.tb_cliente_pessoa_fisica( codigo_cliente, cpf, nome ) VALUES ( 154, '40000000084', 'Geraldo Pinto');
INSERT INTO curso_ecommerce.tb_cliente_pessoa_fisica( codigo_cliente, cpf, nome ) VALUES ( 155, '50000000085', 'Hilda Marques');
INSERT INTO curso_ecommerce.tb_cliente_pessoa_fisica( codigo_cliente, cpf, nome ) VALUES ( 156, '60000000086', 'Igor Cunha');
INSERT INTO curso_ecommerce.tb_cliente_pessoa_fisica( codigo_cliente, cpf, nome ) VALUES ( 157, '70000000087', 'Janaina Melo');
INSERT INTO curso_ecommerce.tb_cliente_pessoa_fisica( codigo_cliente, cpf, nome ) VALUES ( 158, '80000000088', 'Klaus Dias');
INSERT INTO curso_ecommerce.tb_cliente_pessoa_fisica( codigo_cliente, cpf, nome ) VALUES ( 159, '90000000089', 'Luana Farias');
INSERT INTO curso_ecommerce.tb_cliente_pessoa_fisica( codigo_cliente, cpf, nome ) VALUES ( 160, '00000000090', 'Mauro Machado');
INSERT INTO curso_ecommerce.tb_cliente_pessoa_fisica( codigo_cliente, cpf, nome ) VALUES ( 161, '10000000091', 'Nadia Lopes');
INSERT INTO curso_ecommerce.tb_cliente_pessoa_fisica( codigo_cliente, cpf, nome ) VALUES ( 162, '20000000092', 'Oscar Xavier');
INSERT INTO curso_ecommerce.tb_cliente_pessoa_fisica( codigo_cliente, cpf, nome ) VALUES ( 163, '30000000093', 'Pamela Borges');
INSERT INTO curso_ecommerce.tb_cliente_pessoa_fisica( codigo_cliente, cpf, nome ) VALUES ( 164, '40000000094', 'Quincas Viana');
INSERT INTO curso_ecommerce.tb_cliente_pessoa_fisica( codigo_cliente, cpf, nome ) VALUES ( 165, '50000000095', 'Roberta Soares');
INSERT INTO curso_ecommerce.tb_cliente_pessoa_fisica( codigo_cliente, cpf, nome ) VALUES ( 166, '60000000096', 'Saulo Peixoto');
INSERT INTO curso_ecommerce.tb_cliente_pessoa_fisica( codigo_cliente, cpf, nome ) VALUES ( 167, '70000000097', 'Tania Santos');
INSERT INTO curso_ecommerce.tb_cliente_pessoa_fisica( codigo_cliente, cpf, nome ) VALUES ( 168, '80000000098', 'Ulisses Silva');
INSERT INTO curso_ecommerce.tb_cliente_pessoa_fisica( codigo_cliente, cpf, nome ) VALUES ( 169, '90000000099', 'Vera Oliveira');
INSERT INTO curso_ecommerce.tb_cliente_pessoa_fisica( codigo_cliente, cpf, nome ) VALUES ( 170, '00000000100', 'Wagner Ferreira');
INSERT INTO curso_ecommerce.tb_cliente_pessoa_fisica( codigo_cliente, cpf, nome ) VALUES ( 171, '10000000101', 'Ximena Costa');
INSERT INTO curso_ecommerce.tb_cliente_pessoa_fisica( codigo_cliente, cpf, nome ) VALUES ( 172, '20000000102', 'Yan Almeida');
INSERT INTO curso_ecommerce.tb_cliente_pessoa_fisica( codigo_cliente, cpf, nome ) VALUES ( 173, '30000000103', 'Zelia Lima');
INSERT INTO curso_ecommerce.tb_cliente_pessoa_fisica( codigo_cliente, cpf, nome ) VALUES ( 174, '40000000104', 'Arthur Martins');
INSERT INTO curso_ecommerce.tb_cliente_pessoa_fisica( codigo_cliente, cpf, nome ) VALUES ( 175, '50000000105', 'Bia Rodrigues');
INSERT INTO curso_ecommerce.tb_cliente_pessoa_fisica( codigo_cliente, cpf, nome ) VALUES ( 176, '60000000106', 'Caio Gomes');
INSERT INTO curso_ecommerce.tb_cliente_pessoa_fisica( codigo_cliente, cpf, nome ) VALUES ( 177, '70000000107', 'Diana Pereira');
INSERT INTO curso_ecommerce.tb_cliente_pessoa_fisica( codigo_cliente, cpf, nome ) VALUES ( 178, '80000000108', 'Edson Souza');
INSERT INTO curso_ecommerce.tb_cliente_pessoa_fisica( codigo_cliente, cpf, nome ) VALUES ( 179, '90000000109', 'Fatima Fernandes');
INSERT INTO curso_ecommerce.tb_cliente_pessoa_fisica( codigo_cliente, cpf, nome ) VALUES ( 180, '00000000110', 'Gilson Cardoso');
INSERT INTO curso_ecommerce.tb_cliente_pessoa_fisica( codigo_cliente, cpf, nome ) VALUES ( 181, '10000000111', 'Hortencia Ribeiro');
INSERT INTO curso_ecommerce.tb_cliente_pessoa_fisica( codigo_cliente, cpf, nome ) VALUES ( 182, '20000000112', 'Ivan Barbosa');
INSERT INTO curso_ecommerce.tb_cliente_pessoa_fisica( codigo_cliente, cpf, nome ) VALUES ( 183, '30000000113', 'Josefa Nascimento');
INSERT INTO curso_ecommerce.tb_cliente_pessoa_fisica( codigo_cliente, cpf, nome ) VALUES ( 184, '40000000114', 'Kevin Campos');
INSERT INTO curso_ecommerce.tb_cliente_pessoa_fisica( codigo_cliente, cpf, nome ) VALUES ( 185, '50000000115', 'Lais Vieira');
INSERT INTO curso_ecommerce.tb_cliente_pessoa_fisica( codigo_cliente, cpf, nome ) VALUES ( 186, '60000000116', 'Milton Moreira');
INSERT INTO curso_ecommerce.tb_cliente_pessoa_fisica( codigo_cliente, cpf, nome ) VALUES ( 187, '70000000117', 'Natasha Freitas');
INSERT INTO curso_ecommerce.tb_cliente_pessoa_fisica( codigo_cliente, cpf, nome ) VALUES ( 188, '80000000118', 'Otavio Andrade');
INSERT INTO curso_ecommerce.tb_cliente_pessoa_fisica( codigo_cliente, cpf, nome ) VALUES ( 189, '90000000119', 'Poliana Mendes');
INSERT INTO curso_ecommerce.tb_cliente_pessoa_fisica( codigo_cliente, cpf, nome ) VALUES ( 190, '00000000120', 'Quintino Castro');
INSERT INTO curso_ecommerce.tb_cliente_pessoa_fisica( codigo_cliente, cpf, nome ) VALUES ( 191, '10000000121', 'Robson Carvalho');
INSERT INTO curso_ecommerce.tb_cliente_pessoa_fisica( codigo_cliente, cpf, nome ) VALUES ( 192, '20000000122', 'Simone Duarte');
INSERT INTO curso_ecommerce.tb_cliente_pessoa_fisica( codigo_cliente, cpf, nome ) VALUES ( 193, '30000000123', 'Thales Teixeira');
INSERT INTO curso_ecommerce.tb_cliente_pessoa_fisica( codigo_cliente, cpf, nome ) VALUES ( 194, '40000000124', 'Ursula Rocha');
INSERT INTO curso_ecommerce.tb_cliente_pessoa_fisica( codigo_cliente, cpf, nome ) VALUES ( 195, '50000000125', 'Vagner Correia');
INSERT INTO curso_ecommerce.tb_cliente_pessoa_fisica( codigo_cliente, cpf, nome ) VALUES ( 196, '60000000126', 'Waldemar Barros');
INSERT INTO curso_ecommerce.tb_cliente_pessoa_fisica( codigo_cliente, cpf, nome ) VALUES ( 197, '70000000127', 'Xuxa Pinto');
INSERT INTO curso_ecommerce.tb_cliente_pessoa_fisica( codigo_cliente, cpf, nome ) VALUES ( 198, '80000000128', 'Yasmin Marques');
INSERT INTO curso_ecommerce.tb_cliente_pessoa_fisica( codigo_cliente, cpf, nome ) VALUES ( 199, '90000000129', 'Zeca Cunha');
INSERT INTO curso_ecommerce.tb_cliente_pessoa_fisica( codigo_cliente, cpf, nome ) VALUES ( 200, '00000000130', 'Andrea Melo');
INSERT INTO curso_ecommerce.tb_cliente_pessoa_juridica( codigo_cliente, codigo_pessoa_juridica, codigo_tipo_pj ) VALUES ( 201, 1, 3);
INSERT INTO curso_ecommerce.tb_cliente_pessoa_juridica( codigo_cliente, codigo_pessoa_juridica, codigo_tipo_pj ) VALUES ( 202, 2, 3);
INSERT INTO curso_ecommerce.tb_cliente_pessoa_juridica( codigo_cliente, codigo_pessoa_juridica, codigo_tipo_pj ) VALUES ( 203, 3, 3);
INSERT INTO curso_ecommerce.tb_cliente_pessoa_juridica( codigo_cliente, codigo_pessoa_juridica, codigo_tipo_pj ) VALUES ( 204, 4, 3);
INSERT INTO curso_ecommerce.tb_cliente_pessoa_juridica( codigo_cliente, codigo_pessoa_juridica, codigo_tipo_pj ) VALUES ( 205, 5, 3);
INSERT INTO curso_ecommerce.tb_cliente_pessoa_juridica( codigo_cliente, codigo_pessoa_juridica, codigo_tipo_pj ) VALUES ( 206, 6, 3);
INSERT INTO curso_ecommerce.tb_cliente_pessoa_juridica( codigo_cliente, codigo_pessoa_juridica, codigo_tipo_pj ) VALUES ( 207, 7, 3);
INSERT INTO curso_ecommerce.tb_cliente_pessoa_juridica( codigo_cliente, codigo_pessoa_juridica, codigo_tipo_pj ) VALUES ( 208, 8, 3);
INSERT INTO curso_ecommerce.tb_cliente_pessoa_juridica( codigo_cliente, codigo_pessoa_juridica, codigo_tipo_pj ) VALUES ( 209, 9, 3);
INSERT INTO curso_ecommerce.tb_cliente_pessoa_juridica( codigo_cliente, codigo_pessoa_juridica, codigo_tipo_pj ) VALUES ( 210, 10, 3);
INSERT INTO curso_ecommerce.tb_cliente_pessoa_juridica( codigo_cliente, codigo_pessoa_juridica, codigo_tipo_pj ) VALUES ( 211, 11, 3);
INSERT INTO curso_ecommerce.tb_cliente_pessoa_juridica( codigo_cliente, codigo_pessoa_juridica, codigo_tipo_pj ) VALUES ( 212, 12, 3);
INSERT INTO curso_ecommerce.tb_cliente_pessoa_juridica( codigo_cliente, codigo_pessoa_juridica, codigo_tipo_pj ) VALUES ( 213, 13, 3);
INSERT INTO curso_ecommerce.tb_cliente_pessoa_juridica( codigo_cliente, codigo_pessoa_juridica, codigo_tipo_pj ) VALUES ( 214, 14, 3);
INSERT INTO curso_ecommerce.tb_cliente_pessoa_juridica( codigo_cliente, codigo_pessoa_juridica, codigo_tipo_pj ) VALUES ( 215, 15, 3);
INSERT INTO curso_ecommerce.tb_cliente_pessoa_juridica( codigo_cliente, codigo_pessoa_juridica, codigo_tipo_pj ) VALUES ( 216, 16, 3);
INSERT INTO curso_ecommerce.tb_cliente_pessoa_juridica( codigo_cliente, codigo_pessoa_juridica, codigo_tipo_pj ) VALUES ( 217, 17, 3);
INSERT INTO curso_ecommerce.tb_cliente_pessoa_juridica( codigo_cliente, codigo_pessoa_juridica, codigo_tipo_pj ) VALUES ( 218, 18, 3);
INSERT INTO curso_ecommerce.tb_cliente_pessoa_juridica( codigo_cliente, codigo_pessoa_juridica, codigo_tipo_pj ) VALUES ( 219, 19, 3);
INSERT INTO curso_ecommerce.tb_cliente_pessoa_juridica( codigo_cliente, codigo_pessoa_juridica, codigo_tipo_pj ) VALUES ( 220, 20, 3);
INSERT INTO curso_ecommerce.tb_cliente_pessoa_juridica( codigo_cliente, codigo_pessoa_juridica, codigo_tipo_pj ) VALUES ( 221, 21, 3);
INSERT INTO curso_ecommerce.tb_cliente_pessoa_juridica( codigo_cliente, codigo_pessoa_juridica, codigo_tipo_pj ) VALUES ( 222, 22, 3);
INSERT INTO curso_ecommerce.tb_cliente_pessoa_juridica( codigo_cliente, codigo_pessoa_juridica, codigo_tipo_pj ) VALUES ( 223, 23, 3);
INSERT INTO curso_ecommerce.tb_cliente_pessoa_juridica( codigo_cliente, codigo_pessoa_juridica, codigo_tipo_pj ) VALUES ( 224, 24, 3);
INSERT INTO curso_ecommerce.tb_cliente_pessoa_juridica( codigo_cliente, codigo_pessoa_juridica, codigo_tipo_pj ) VALUES ( 225, 25, 3);
INSERT INTO curso_ecommerce.tb_cliente_pessoa_juridica( codigo_cliente, codigo_pessoa_juridica, codigo_tipo_pj ) VALUES ( 226, 26, 3);
INSERT INTO curso_ecommerce.tb_cliente_pessoa_juridica( codigo_cliente, codigo_pessoa_juridica, codigo_tipo_pj ) VALUES ( 227, 27, 3);
INSERT INTO curso_ecommerce.tb_cliente_pessoa_juridica( codigo_cliente, codigo_pessoa_juridica, codigo_tipo_pj ) VALUES ( 228, 28, 3);
INSERT INTO curso_ecommerce.tb_cliente_pessoa_juridica( codigo_cliente, codigo_pessoa_juridica, codigo_tipo_pj ) VALUES ( 229, 29, 3);
INSERT INTO curso_ecommerce.tb_cliente_pessoa_juridica( codigo_cliente, codigo_pessoa_juridica, codigo_tipo_pj ) VALUES ( 230, 30, 3);
INSERT INTO curso_ecommerce.tb_cliente_pessoa_juridica( codigo_cliente, codigo_pessoa_juridica, codigo_tipo_pj ) VALUES ( 231, 31, 3);
INSERT INTO curso_ecommerce.tb_cliente_pessoa_juridica( codigo_cliente, codigo_pessoa_juridica, codigo_tipo_pj ) VALUES ( 232, 32, 3);
INSERT INTO curso_ecommerce.tb_cliente_pessoa_juridica( codigo_cliente, codigo_pessoa_juridica, codigo_tipo_pj ) VALUES ( 233, 33, 3);
INSERT INTO curso_ecommerce.tb_cliente_pessoa_juridica( codigo_cliente, codigo_pessoa_juridica, codigo_tipo_pj ) VALUES ( 234, 34, 3);
INSERT INTO curso_ecommerce.tb_cliente_pessoa_juridica( codigo_cliente, codigo_pessoa_juridica, codigo_tipo_pj ) VALUES ( 235, 35, 3);
INSERT INTO curso_ecommerce.tb_cliente_pessoa_juridica( codigo_cliente, codigo_pessoa_juridica, codigo_tipo_pj ) VALUES ( 236, 36, 3);
INSERT INTO curso_ecommerce.tb_cliente_pessoa_juridica( codigo_cliente, codigo_pessoa_juridica, codigo_tipo_pj ) VALUES ( 237, 37, 3);
INSERT INTO curso_ecommerce.tb_cliente_pessoa_juridica( codigo_cliente, codigo_pessoa_juridica, codigo_tipo_pj ) VALUES ( 238, 38, 3);
INSERT INTO curso_ecommerce.tb_cliente_pessoa_juridica( codigo_cliente, codigo_pessoa_juridica, codigo_tipo_pj ) VALUES ( 239, 39, 3);
INSERT INTO curso_ecommerce.tb_cliente_pessoa_juridica( codigo_cliente, codigo_pessoa_juridica, codigo_tipo_pj ) VALUES ( 240, 40, 3);
INSERT INTO curso_ecommerce.tb_cliente_pessoa_juridica( codigo_cliente, codigo_pessoa_juridica, codigo_tipo_pj ) VALUES ( 241, 41, 3);
INSERT INTO curso_ecommerce.tb_cliente_pessoa_juridica( codigo_cliente, codigo_pessoa_juridica, codigo_tipo_pj ) VALUES ( 242, 42, 3);
INSERT INTO curso_ecommerce.tb_cliente_pessoa_juridica( codigo_cliente, codigo_pessoa_juridica, codigo_tipo_pj ) VALUES ( 243, 43, 3);
INSERT INTO curso_ecommerce.tb_cliente_pessoa_juridica( codigo_cliente, codigo_pessoa_juridica, codigo_tipo_pj ) VALUES ( 244, 44, 3);
INSERT INTO curso_ecommerce.tb_cliente_pessoa_juridica( codigo_cliente, codigo_pessoa_juridica, codigo_tipo_pj ) VALUES ( 245, 45, 3);
INSERT INTO curso_ecommerce.tb_cliente_pessoa_juridica( codigo_cliente, codigo_pessoa_juridica, codigo_tipo_pj ) VALUES ( 246, 46, 3);
INSERT INTO curso_ecommerce.tb_cliente_pessoa_juridica( codigo_cliente, codigo_pessoa_juridica, codigo_tipo_pj ) VALUES ( 247, 47, 3);
INSERT INTO curso_ecommerce.tb_cliente_pessoa_juridica( codigo_cliente, codigo_pessoa_juridica, codigo_tipo_pj ) VALUES ( 248, 48, 3);
INSERT INTO curso_ecommerce.tb_cliente_pessoa_juridica( codigo_cliente, codigo_pessoa_juridica, codigo_tipo_pj ) VALUES ( 249, 49, 3);
INSERT INTO curso_ecommerce.tb_cliente_pessoa_juridica( codigo_cliente, codigo_pessoa_juridica, codigo_tipo_pj ) VALUES ( 250, 50, 3);
INSERT INTO curso_ecommerce.tb_cliente_pessoa_juridica( codigo_cliente, codigo_pessoa_juridica, codigo_tipo_pj ) VALUES ( 251, 51, 3);
INSERT INTO curso_ecommerce.tb_cliente_pessoa_juridica( codigo_cliente, codigo_pessoa_juridica, codigo_tipo_pj ) VALUES ( 252, 52, 3);
INSERT INTO curso_ecommerce.tb_cliente_pessoa_juridica( codigo_cliente, codigo_pessoa_juridica, codigo_tipo_pj ) VALUES ( 253, 53, 3);
INSERT INTO curso_ecommerce.tb_cliente_pessoa_juridica( codigo_cliente, codigo_pessoa_juridica, codigo_tipo_pj ) VALUES ( 254, 54, 3);
INSERT INTO curso_ecommerce.tb_cliente_pessoa_juridica( codigo_cliente, codigo_pessoa_juridica, codigo_tipo_pj ) VALUES ( 255, 55, 3);
INSERT INTO curso_ecommerce.tb_cliente_pessoa_juridica( codigo_cliente, codigo_pessoa_juridica, codigo_tipo_pj ) VALUES ( 256, 56, 3);
INSERT INTO curso_ecommerce.tb_cliente_pessoa_juridica( codigo_cliente, codigo_pessoa_juridica, codigo_tipo_pj ) VALUES ( 257, 57, 3);
INSERT INTO curso_ecommerce.tb_cliente_pessoa_juridica( codigo_cliente, codigo_pessoa_juridica, codigo_tipo_pj ) VALUES ( 258, 58, 3);
INSERT INTO curso_ecommerce.tb_cliente_pessoa_juridica( codigo_cliente, codigo_pessoa_juridica, codigo_tipo_pj ) VALUES ( 259, 59, 3);
INSERT INTO curso_ecommerce.tb_cliente_pessoa_juridica( codigo_cliente, codigo_pessoa_juridica, codigo_tipo_pj ) VALUES ( 260, 60, 3);
INSERT INTO curso_ecommerce.tb_cliente_pessoa_juridica( codigo_cliente, codigo_pessoa_juridica, codigo_tipo_pj ) VALUES ( 261, 61, 3);
INSERT INTO curso_ecommerce.tb_cliente_pessoa_juridica( codigo_cliente, codigo_pessoa_juridica, codigo_tipo_pj ) VALUES ( 262, 62, 3);
INSERT INTO curso_ecommerce.tb_cliente_pessoa_juridica( codigo_cliente, codigo_pessoa_juridica, codigo_tipo_pj ) VALUES ( 263, 63, 3);
INSERT INTO curso_ecommerce.tb_cliente_pessoa_juridica( codigo_cliente, codigo_pessoa_juridica, codigo_tipo_pj ) VALUES ( 264, 64, 3);
INSERT INTO curso_ecommerce.tb_cliente_pessoa_juridica( codigo_cliente, codigo_pessoa_juridica, codigo_tipo_pj ) VALUES ( 265, 65, 3);
INSERT INTO curso_ecommerce.tb_cliente_pessoa_juridica( codigo_cliente, codigo_pessoa_juridica, codigo_tipo_pj ) VALUES ( 266, 66, 3);
INSERT INTO curso_ecommerce.tb_cliente_pessoa_juridica( codigo_cliente, codigo_pessoa_juridica, codigo_tipo_pj ) VALUES ( 267, 67, 3);
INSERT INTO curso_ecommerce.tb_cliente_pessoa_juridica( codigo_cliente, codigo_pessoa_juridica, codigo_tipo_pj ) VALUES ( 268, 68, 3);
INSERT INTO curso_ecommerce.tb_cliente_pessoa_juridica( codigo_cliente, codigo_pessoa_juridica, codigo_tipo_pj ) VALUES ( 269, 69, 3);
INSERT INTO curso_ecommerce.tb_cliente_pessoa_juridica( codigo_cliente, codigo_pessoa_juridica, codigo_tipo_pj ) VALUES ( 270, 70, 3);
INSERT INTO curso_ecommerce.tb_cliente_pessoa_juridica( codigo_cliente, codigo_pessoa_juridica, codigo_tipo_pj ) VALUES ( 271, 71, 3);
INSERT INTO curso_ecommerce.tb_cliente_pessoa_juridica( codigo_cliente, codigo_pessoa_juridica, codigo_tipo_pj ) VALUES ( 272, 72, 3);
INSERT INTO curso_ecommerce.tb_cliente_pessoa_juridica( codigo_cliente, codigo_pessoa_juridica, codigo_tipo_pj ) VALUES ( 273, 73, 3);
INSERT INTO curso_ecommerce.tb_cliente_pessoa_juridica( codigo_cliente, codigo_pessoa_juridica, codigo_tipo_pj ) VALUES ( 274, 74, 3);
INSERT INTO curso_ecommerce.tb_cliente_pessoa_juridica( codigo_cliente, codigo_pessoa_juridica, codigo_tipo_pj ) VALUES ( 275, 75, 3);
INSERT INTO curso_ecommerce.tb_cliente_pessoa_juridica( codigo_cliente, codigo_pessoa_juridica, codigo_tipo_pj ) VALUES ( 276, 76, 3);
INSERT INTO curso_ecommerce.tb_cliente_pessoa_juridica( codigo_cliente, codigo_pessoa_juridica, codigo_tipo_pj ) VALUES ( 277, 77, 3);
INSERT INTO curso_ecommerce.tb_cliente_pessoa_juridica( codigo_cliente, codigo_pessoa_juridica, codigo_tipo_pj ) VALUES ( 278, 78, 3);
INSERT INTO curso_ecommerce.tb_cliente_pessoa_juridica( codigo_cliente, codigo_pessoa_juridica, codigo_tipo_pj ) VALUES ( 279, 79, 3);
INSERT INTO curso_ecommerce.tb_cliente_pessoa_juridica( codigo_cliente, codigo_pessoa_juridica, codigo_tipo_pj ) VALUES ( 280, 80, 3);
INSERT INTO curso_ecommerce.tb_cliente_pessoa_juridica( codigo_cliente, codigo_pessoa_juridica, codigo_tipo_pj ) VALUES ( 281, 81, 3);
INSERT INTO curso_ecommerce.tb_cliente_pessoa_juridica( codigo_cliente, codigo_pessoa_juridica, codigo_tipo_pj ) VALUES ( 282, 82, 3);
INSERT INTO curso_ecommerce.tb_cliente_pessoa_juridica( codigo_cliente, codigo_pessoa_juridica, codigo_tipo_pj ) VALUES ( 283, 83, 3);
INSERT INTO curso_ecommerce.tb_cliente_pessoa_juridica( codigo_cliente, codigo_pessoa_juridica, codigo_tipo_pj ) VALUES ( 284, 84, 3);
INSERT INTO curso_ecommerce.tb_cliente_pessoa_juridica( codigo_cliente, codigo_pessoa_juridica, codigo_tipo_pj ) VALUES ( 285, 85, 3);
INSERT INTO curso_ecommerce.tb_cliente_pessoa_juridica( codigo_cliente, codigo_pessoa_juridica, codigo_tipo_pj ) VALUES ( 286, 86, 3);
INSERT INTO curso_ecommerce.tb_cliente_pessoa_juridica( codigo_cliente, codigo_pessoa_juridica, codigo_tipo_pj ) VALUES ( 287, 87, 3);
INSERT INTO curso_ecommerce.tb_cliente_pessoa_juridica( codigo_cliente, codigo_pessoa_juridica, codigo_tipo_pj ) VALUES ( 288, 88, 3);
INSERT INTO curso_ecommerce.tb_cliente_pessoa_juridica( codigo_cliente, codigo_pessoa_juridica, codigo_tipo_pj ) VALUES ( 289, 89, 3);
INSERT INTO curso_ecommerce.tb_cliente_pessoa_juridica( codigo_cliente, codigo_pessoa_juridica, codigo_tipo_pj ) VALUES ( 290, 90, 3);
INSERT INTO curso_ecommerce.tb_cliente_pessoa_juridica( codigo_cliente, codigo_pessoa_juridica, codigo_tipo_pj ) VALUES ( 291, 91, 3);
INSERT INTO curso_ecommerce.tb_cliente_pessoa_juridica( codigo_cliente, codigo_pessoa_juridica, codigo_tipo_pj ) VALUES ( 292, 92, 3);
INSERT INTO curso_ecommerce.tb_cliente_pessoa_juridica( codigo_cliente, codigo_pessoa_juridica, codigo_tipo_pj ) VALUES ( 293, 93, 3);
INSERT INTO curso_ecommerce.tb_cliente_pessoa_juridica( codigo_cliente, codigo_pessoa_juridica, codigo_tipo_pj ) VALUES ( 294, 94, 3);
INSERT INTO curso_ecommerce.tb_cliente_pessoa_juridica( codigo_cliente, codigo_pessoa_juridica, codigo_tipo_pj ) VALUES ( 295, 95, 3);
INSERT INTO curso_ecommerce.tb_cliente_pessoa_juridica( codigo_cliente, codigo_pessoa_juridica, codigo_tipo_pj ) VALUES ( 296, 96, 3);
INSERT INTO curso_ecommerce.tb_cliente_pessoa_juridica( codigo_cliente, codigo_pessoa_juridica, codigo_tipo_pj ) VALUES ( 297, 97, 3);
INSERT INTO curso_ecommerce.tb_cliente_pessoa_juridica( codigo_cliente, codigo_pessoa_juridica, codigo_tipo_pj ) VALUES ( 298, 98, 3);
INSERT INTO curso_ecommerce.tb_cliente_pessoa_juridica( codigo_cliente, codigo_pessoa_juridica, codigo_tipo_pj ) VALUES ( 299, 99, 3);
INSERT INTO curso_ecommerce.tb_cliente_pessoa_juridica( codigo_cliente, codigo_pessoa_juridica, codigo_tipo_pj ) VALUES ( 300, 100, 3);
INSERT INTO curso_ecommerce.tb_compra( codigo_compra, valor_total_compra, data_pagamento_compra, codigo_cliente ) VALUES ( 1, 2389.35, '2025-03-01 07.15.23 AM', 5);
INSERT INTO curso_ecommerce.tb_compra( codigo_compra, valor_total_compra, data_pagamento_compra, codigo_cliente ) VALUES ( 2, 329.21, '2025-03-01 08.30.45 AM', 12);
INSERT INTO curso_ecommerce.tb_compra( codigo_compra, valor_total_compra, data_pagamento_compra, codigo_cliente ) VALUES ( 3, 1.05, '2025-03-01 11.22.10 AM', 8);
INSERT INTO curso_ecommerce.tb_compra( codigo_compra, valor_total_compra, data_pagamento_compra, codigo_cliente ) VALUES ( 4, 2844.05, '2025-03-02 06.45.32 AM', 15);
INSERT INTO curso_ecommerce.tb_compra( codigo_compra, valor_total_compra, data_pagamento_compra, codigo_cliente ) VALUES ( 5, 38.22, '2025-03-02 10.10.28 AM', 3);
INSERT INTO curso_ecommerce.tb_compra( codigo_compra, valor_total_compra, data_pagamento_compra, codigo_cliente ) VALUES ( 6, 1260.10, '2025-03-03 12.40.19 PM', 20);
INSERT INTO curso_ecommerce.tb_compra( codigo_compra, valor_total_compra, data_pagamento_compra, codigo_cliente ) VALUES ( 7, 254.42, '2025-03-03 01.55.41 PM', 7);
INSERT INTO curso_ecommerce.tb_compra( codigo_compra, valor_total_compra, data_pagamento_compra, codigo_cliente ) VALUES ( 8, 2567.01, '2025-03-04 07.05.33 AM', 18);
INSERT INTO curso_ecommerce.tb_compra( codigo_compra, valor_total_compra, data_pagamento_compra, codigo_cliente ) VALUES ( 9, 1385.12, '2025-03-04 11.30.22 AM', 1);
INSERT INTO curso_ecommerce.tb_compra( codigo_compra, valor_total_compra, data_pagamento_compra, codigo_cliente ) VALUES ( 10, 290.55, '2025-03-05 08.25.18 AM', 9);
INSERT INTO curso_ecommerce.tb_compra( codigo_compra, valor_total_compra, data_pagamento_compra, codigo_cliente ) VALUES ( 11, 45.35, '2025-03-05 01.40.27 PM', 14);
INSERT INTO curso_ecommerce.tb_compra( codigo_compra, valor_total_compra, data_pagamento_compra, codigo_cliente ) VALUES ( 12, 62.66, '2025-03-06 06.15.38 AM', 4);
INSERT INTO curso_ecommerce.tb_compra( codigo_compra, valor_total_compra, data_pagamento_compra, codigo_cliente ) VALUES ( 13, 1253.51, '2025-03-06 09.50.19 AM', 16);
INSERT INTO curso_ecommerce.tb_compra( codigo_compra, valor_total_compra, data_pagamento_compra, codigo_cliente ) VALUES ( 14, 954.29, '2025-03-07 11.20.45 AM', 10);
INSERT INTO curso_ecommerce.tb_compra( codigo_compra, valor_total_compra, data_pagamento_compra, codigo_cliente ) VALUES ( 15, 617.52, '2025-03-07 02.35.12 PM', 2);
INSERT INTO curso_ecommerce.tb_compra( codigo_compra, valor_total_compra, data_pagamento_compra, codigo_cliente ) VALUES ( 16, 153.64, '2025-03-08 07.45.28 AM', 11);
INSERT INTO curso_ecommerce.tb_compra( codigo_compra, valor_total_compra, data_pagamento_compra, codigo_cliente ) VALUES ( 17, 509.12, '2025-03-08 10.20.39 AM', 19);
INSERT INTO curso_ecommerce.tb_compra( codigo_compra, valor_total_compra, data_pagamento_compra, codigo_cliente ) VALUES ( 18, 2444.67, '2025-03-09 12.10.27 PM', 6);
INSERT INTO curso_ecommerce.tb_compra( codigo_compra, valor_total_compra, data_pagamento_compra, codigo_cliente ) VALUES ( 19, 84.52, '2025-03-09 01.45.36 PM', 13);
INSERT INTO curso_ecommerce.tb_compra( codigo_compra, valor_total_compra, data_pagamento_compra, codigo_cliente ) VALUES ( 20, 150.13, '2025-03-10 06.30.48 AM', 17);
INSERT INTO curso_ecommerce.tb_compra( codigo_compra, valor_total_compra, data_pagamento_compra, codigo_cliente ) VALUES ( 21, 1150.11, '2025-03-10 08.50.23 AM', 5);
INSERT INTO curso_ecommerce.tb_compra( codigo_compra, valor_total_compra, data_pagamento_compra, codigo_cliente ) VALUES ( 22, 1210.46, '2025-03-11 11.15.29 AM', 12);
INSERT INTO curso_ecommerce.tb_compra( codigo_compra, valor_total_compra, data_pagamento_compra, codigo_cliente ) VALUES ( 23, 9.02, '2025-03-11 01.30.42 PM', 8);
INSERT INTO curso_ecommerce.tb_compra( codigo_compra, valor_total_compra, data_pagamento_compra, codigo_cliente ) VALUES ( 24, 2102.61, '2025-03-12 07.25.17 AM', 15);
INSERT INTO curso_ecommerce.tb_compra( codigo_compra, valor_total_compra, data_pagamento_compra, codigo_cliente ) VALUES ( 25, 41.17, '2025-03-12 10.40.31 AM', 3);
INSERT INTO curso_ecommerce.tb_compra( codigo_compra, valor_total_compra, data_pagamento_compra, codigo_cliente ) VALUES ( 26, 2204.20, '2025-03-13 12.20.19 PM', 20);
INSERT INTO curso_ecommerce.tb_compra( codigo_compra, valor_total_compra, data_pagamento_compra, codigo_cliente ) VALUES ( 27, 395.23, '2025-03-13 02.45.28 PM', 7);
INSERT INTO curso_ecommerce.tb_compra( codigo_compra, valor_total_compra, data_pagamento_compra, codigo_cliente ) VALUES ( 28, 2562.71, '2025-03-14 06.10.36 AM', 18);
INSERT INTO curso_ecommerce.tb_compra( codigo_compra, valor_total_compra, data_pagamento_compra, codigo_cliente ) VALUES ( 29, 1390.92, '2025-03-14 09.35.47 AM', 1);
INSERT INTO curso_ecommerce.tb_compra( codigo_compra, valor_total_compra, data_pagamento_compra, codigo_cliente ) VALUES ( 30, 443.25, '2025-03-15 11.50.22 AM', 9);
INSERT INTO curso_ecommerce.tb_compra( codigo_compra, valor_total_compra, data_pagamento_compra, codigo_cliente ) VALUES ( 31, 57.14, '2025-03-15 01.25.38 PM', 14);
INSERT INTO curso_ecommerce.tb_compra( codigo_compra, valor_total_compra, data_pagamento_compra, codigo_cliente ) VALUES ( 32, 77.41, '2025-03-16 07.40.19 AM', 4);
INSERT INTO curso_ecommerce.tb_compra( codigo_compra, valor_total_compra, data_pagamento_compra, codigo_cliente ) VALUES ( 33, 1263.21, '2025-03-16 10.15.27 AM', 16);
INSERT INTO curso_ecommerce.tb_compra( codigo_compra, valor_total_compra, data_pagamento_compra, codigo_cliente ) VALUES ( 34, 236.64, '2025-03-17 12.30.41 PM', 10);
INSERT INTO curso_ecommerce.tb_compra( codigo_compra, valor_total_compra, data_pagamento_compra, codigo_cliente ) VALUES ( 35, 921.93, '2025-03-17 02.05.33 PM', 2);
INSERT INTO curso_ecommerce.tb_compra( codigo_compra, valor_total_compra, data_pagamento_compra, codigo_cliente ) VALUES ( 36, 207.75, '2025-03-18 06.20.45 AM', 11);
INSERT INTO curso_ecommerce.tb_compra( codigo_compra, valor_total_compra, data_pagamento_compra, codigo_cliente ) VALUES ( 37, 517.62, '2025-03-18 08.45.38 AM', 19);
INSERT INTO curso_ecommerce.tb_compra( codigo_compra, valor_total_compra, data_pagamento_compra, codigo_cliente ) VALUES ( 38, 2303.25, '2025-03-19 11.10.26 AM', 6);
INSERT INTO curso_ecommerce.tb_compra( codigo_compra, valor_total_compra, data_pagamento_compra, codigo_cliente ) VALUES ( 39, 106.62, '2025-03-19 01.35.19 PM', 13);
INSERT INTO curso_ecommerce.tb_compra( codigo_compra, valor_total_compra, data_pagamento_compra, codigo_cliente ) VALUES ( 40, 196.74, '2025-03-20 07.15.37 AM', 17);
INSERT INTO curso_ecommerce.tb_compra( codigo_compra, valor_total_compra, data_pagamento_compra, codigo_cliente ) VALUES ( 41, 1157.11, '2025-03-20 10.30.28 AM', 5);
INSERT INTO curso_ecommerce.tb_compra( codigo_compra, valor_total_compra, data_pagamento_compra, codigo_cliente ) VALUES ( 42, 749.13, '2025-03-21 12.55.42 PM', 12);
INSERT INTO curso_ecommerce.tb_compra( codigo_compra, valor_total_compra, data_pagamento_compra, codigo_cliente ) VALUES ( 43, 8.99, '2025-03-21 02.20.31 PM', 8);
INSERT INTO curso_ecommerce.tb_compra( codigo_compra, valor_total_compra, data_pagamento_compra, codigo_cliente ) VALUES ( 44, 2111.31, '2025-03-22 06.35.19 AM', 15);
INSERT INTO curso_ecommerce.tb_compra( codigo_compra, valor_total_compra, data_pagamento_compra, codigo_cliente ) VALUES ( 45, 51.63, '2025-03-22 09.05.27 AM', 3);
INSERT INTO curso_ecommerce.tb_compra( codigo_compra, valor_total_compra, data_pagamento_compra, codigo_cliente ) VALUES ( 46, 351.12, '2025-03-23 11.40.38 AM', 20);
INSERT INTO curso_ecommerce.tb_compra( codigo_compra, valor_total_compra, data_pagamento_compra, codigo_cliente ) VALUES ( 47, 394.23, '2025-03-23 01.15.29 PM', 7);
INSERT INTO curso_ecommerce.tb_compra( codigo_compra, valor_total_compra, data_pagamento_compra, codigo_cliente ) VALUES ( 48, 2556.31, '2025-03-24 07.30.41 AM', 18);
INSERT INTO curso_ecommerce.tb_compra( codigo_compra, valor_total_compra, data_pagamento_compra, codigo_cliente ) VALUES ( 49, 1392.02, '2025-03-24 10.55.22 AM', 1);
INSERT INTO curso_ecommerce.tb_compra( codigo_compra, valor_total_compra, data_pagamento_compra, codigo_cliente ) VALUES ( 50, 558.64, '2025-03-25 01.20.33 PM', 9);
INSERT INTO curso_ecommerce.tb_fornecedor( codigo_fornecedor, codigo_pessoa_juridica, codigo_tipo_pj, codigo_endereco, prazo_pagamento ) VALUES ( 1, 151, 1, 351, 30);
INSERT INTO curso_ecommerce.tb_fornecedor( codigo_fornecedor, codigo_pessoa_juridica, codigo_tipo_pj, codigo_endereco, prazo_pagamento ) VALUES ( 2, 152, 1, 352, 45);
INSERT INTO curso_ecommerce.tb_fornecedor( codigo_fornecedor, codigo_pessoa_juridica, codigo_tipo_pj, codigo_endereco, prazo_pagamento ) VALUES ( 3, 153, 1, 353, 30);
INSERT INTO curso_ecommerce.tb_fornecedor( codigo_fornecedor, codigo_pessoa_juridica, codigo_tipo_pj, codigo_endereco, prazo_pagamento ) VALUES ( 4, 154, 1, 354, 60);
INSERT INTO curso_ecommerce.tb_fornecedor( codigo_fornecedor, codigo_pessoa_juridica, codigo_tipo_pj, codigo_endereco, prazo_pagamento ) VALUES ( 5, 155, 1, 355, 30);
INSERT INTO curso_ecommerce.tb_fornecedor( codigo_fornecedor, codigo_pessoa_juridica, codigo_tipo_pj, codigo_endereco, prazo_pagamento ) VALUES ( 6, 156, 1, 356, 45);
INSERT INTO curso_ecommerce.tb_fornecedor( codigo_fornecedor, codigo_pessoa_juridica, codigo_tipo_pj, codigo_endereco, prazo_pagamento ) VALUES ( 7, 157, 1, 357, 30);
INSERT INTO curso_ecommerce.tb_fornecedor( codigo_fornecedor, codigo_pessoa_juridica, codigo_tipo_pj, codigo_endereco, prazo_pagamento ) VALUES ( 8, 158, 1, 358, 60);
INSERT INTO curso_ecommerce.tb_fornecedor( codigo_fornecedor, codigo_pessoa_juridica, codigo_tipo_pj, codigo_endereco, prazo_pagamento ) VALUES ( 9, 159, 1, 359, 45);
INSERT INTO curso_ecommerce.tb_fornecedor( codigo_fornecedor, codigo_pessoa_juridica, codigo_tipo_pj, codigo_endereco, prazo_pagamento ) VALUES ( 10, 160, 1, 360, 30);
INSERT INTO curso_ecommerce.tb_fornecedor( codigo_fornecedor, codigo_pessoa_juridica, codigo_tipo_pj, codigo_endereco, prazo_pagamento ) VALUES ( 11, 161, 1, 361, 60);
INSERT INTO curso_ecommerce.tb_fornecedor( codigo_fornecedor, codigo_pessoa_juridica, codigo_tipo_pj, codigo_endereco, prazo_pagamento ) VALUES ( 12, 162, 1, 362, 45);
INSERT INTO curso_ecommerce.tb_fornecedor( codigo_fornecedor, codigo_pessoa_juridica, codigo_tipo_pj, codigo_endereco, prazo_pagamento ) VALUES ( 13, 163, 1, 363, 30);
INSERT INTO curso_ecommerce.tb_fornecedor( codigo_fornecedor, codigo_pessoa_juridica, codigo_tipo_pj, codigo_endereco, prazo_pagamento ) VALUES ( 14, 164, 1, 364, 45);
INSERT INTO curso_ecommerce.tb_fornecedor( codigo_fornecedor, codigo_pessoa_juridica, codigo_tipo_pj, codigo_endereco, prazo_pagamento ) VALUES ( 15, 165, 1, 365, 60);
INSERT INTO curso_ecommerce.tb_fornecedor( codigo_fornecedor, codigo_pessoa_juridica, codigo_tipo_pj, codigo_endereco, prazo_pagamento ) VALUES ( 16, 166, 1, 366, 30);
INSERT INTO curso_ecommerce.tb_fornecedor( codigo_fornecedor, codigo_pessoa_juridica, codigo_tipo_pj, codigo_endereco, prazo_pagamento ) VALUES ( 17, 167, 1, 367, 45);
INSERT INTO curso_ecommerce.tb_fornecedor( codigo_fornecedor, codigo_pessoa_juridica, codigo_tipo_pj, codigo_endereco, prazo_pagamento ) VALUES ( 18, 168, 1, 368, 30);
INSERT INTO curso_ecommerce.tb_fornecedor( codigo_fornecedor, codigo_pessoa_juridica, codigo_tipo_pj, codigo_endereco, prazo_pagamento ) VALUES ( 19, 169, 1, 369, 60);
INSERT INTO curso_ecommerce.tb_fornecedor( codigo_fornecedor, codigo_pessoa_juridica, codigo_tipo_pj, codigo_endereco, prazo_pagamento ) VALUES ( 20, 170, 1, 370, 45);
INSERT INTO curso_ecommerce.tb_fornecedor_produto( codigo_fornecedor, codigo_produto, preco_custo ) VALUES ( 1, 1, 750.2500);
INSERT INTO curso_ecommerce.tb_fornecedor_produto( codigo_fornecedor, codigo_produto, preco_custo ) VALUES ( 1, 21, 850.2500);
INSERT INTO curso_ecommerce.tb_fornecedor_produto( codigo_fornecedor, codigo_produto, preco_custo ) VALUES ( 1, 41, 95.5000);
INSERT INTO curso_ecommerce.tb_fornecedor_produto( codigo_fornecedor, codigo_produto, preco_custo ) VALUES ( 1, 61, 72.5000);
INSERT INTO curso_ecommerce.tb_fornecedor_produto( codigo_fornecedor, codigo_produto, preco_custo ) VALUES ( 1, 81, 30.5000);
INSERT INTO curso_ecommerce.tb_fornecedor_produto( codigo_fornecedor, codigo_produto, preco_custo ) VALUES ( 1, 101, 60);
INSERT INTO curso_ecommerce.tb_fornecedor_produto( codigo_fornecedor, codigo_produto, preco_custo ) VALUES ( 1, 121, 150.2500);
INSERT INTO curso_ecommerce.tb_fornecedor_produto( codigo_fornecedor, codigo_produto, preco_custo ) VALUES ( 1, 141, 5.2500);
INSERT INTO curso_ecommerce.tb_fornecedor_produto( codigo_fornecedor, codigo_produto, preco_custo ) VALUES ( 1, 161, 45.5000);
INSERT INTO curso_ecommerce.tb_fornecedor_produto( codigo_fornecedor, codigo_produto, preco_custo ) VALUES ( 1, 181, 32.5000);
INSERT INTO curso_ecommerce.tb_fornecedor_produto( codigo_fornecedor, codigo_produto, preco_custo ) VALUES ( 2, 2, 1250.5000);
INSERT INTO curso_ecommerce.tb_fornecedor_produto( codigo_fornecedor, codigo_produto, preco_custo ) VALUES ( 2, 22, 1199.9000);
INSERT INTO curso_ecommerce.tb_fornecedor_produto( codigo_fornecedor, codigo_produto, preco_custo ) VALUES ( 2, 42, 650);
INSERT INTO curso_ecommerce.tb_fornecedor_produto( codigo_fornecedor, codigo_produto, preco_custo ) VALUES ( 2, 62, 89.9000);
INSERT INTO curso_ecommerce.tb_fornecedor_produto( codigo_fornecedor, codigo_produto, preco_custo ) VALUES ( 2, 82, 15.2500);
INSERT INTO curso_ecommerce.tb_fornecedor_produto( codigo_fornecedor, codigo_produto, preco_custo ) VALUES ( 2, 102, 230.5000);
INSERT INTO curso_ecommerce.tb_fornecedor_produto( codigo_fornecedor, codigo_produto, preco_custo ) VALUES ( 2, 122, 52.5000);
INSERT INTO curso_ecommerce.tb_fornecedor_produto( codigo_fornecedor, codigo_produto, preco_custo ) VALUES ( 2, 142, 2.8500);
INSERT INTO curso_ecommerce.tb_fornecedor_produto( codigo_fornecedor, codigo_produto, preco_custo ) VALUES ( 2, 162, 25.5000);
INSERT INTO curso_ecommerce.tb_fornecedor_produto( codigo_fornecedor, codigo_produto, preco_custo ) VALUES ( 2, 182, 32.5000);
INSERT INTO curso_ecommerce.tb_fornecedor_produto( codigo_fornecedor, codigo_produto, preco_custo ) VALUES ( 3, 3, 35.5000);
INSERT INTO curso_ecommerce.tb_fornecedor_produto( codigo_fornecedor, codigo_produto, preco_custo ) VALUES ( 3, 23, 1050.5000);
INSERT INTO curso_ecommerce.tb_fornecedor_produto( codigo_fornecedor, codigo_produto, preco_custo ) VALUES ( 3, 43, 1950);
INSERT INTO curso_ecommerce.tb_fornecedor_produto( codigo_fornecedor, codigo_produto, preco_custo ) VALUES ( 3, 63, 89.9000);
INSERT INTO curso_ecommerce.tb_fornecedor_produto( codigo_fornecedor, codigo_produto, preco_custo ) VALUES ( 3, 83, 19.9000);
INSERT INTO curso_ecommerce.tb_fornecedor_produto( codigo_fornecedor, codigo_produto, preco_custo ) VALUES ( 3, 103, 1899.9000);
INSERT INTO curso_ecommerce.tb_fornecedor_produto( codigo_fornecedor, codigo_produto, preco_custo ) VALUES ( 3, 123, 120.5000);
INSERT INTO curso_ecommerce.tb_fornecedor_produto( codigo_fornecedor, codigo_produto, preco_custo ) VALUES ( 3, 143, 2.5000);
INSERT INTO curso_ecommerce.tb_fornecedor_produto( codigo_fornecedor, codigo_produto, preco_custo ) VALUES ( 3, 163, 2.5000);
INSERT INTO curso_ecommerce.tb_fornecedor_produto( codigo_fornecedor, codigo_produto, preco_custo ) VALUES ( 3, 183, 45.5000);
INSERT INTO curso_ecommerce.tb_fornecedor_produto( codigo_fornecedor, codigo_produto, preco_custo ) VALUES ( 4, 4, 250.5000);
INSERT INTO curso_ecommerce.tb_fornecedor_produto( codigo_fornecedor, codigo_produto, preco_custo ) VALUES ( 4, 24, 850.5000);
INSERT INTO curso_ecommerce.tb_fornecedor_produto( codigo_fornecedor, codigo_produto, preco_custo ) VALUES ( 4, 44, 750);
INSERT INTO curso_ecommerce.tb_fornecedor_produto( codigo_fornecedor, codigo_produto, preco_custo ) VALUES ( 4, 64, 180);
INSERT INTO curso_ecommerce.tb_fornecedor_produto( codigo_fornecedor, codigo_produto, preco_custo ) VALUES ( 4, 84, 19.9000);
INSERT INTO curso_ecommerce.tb_fornecedor_produto( codigo_fornecedor, codigo_produto, preco_custo ) VALUES ( 4, 104, 120.5000);
INSERT INTO curso_ecommerce.tb_fornecedor_produto( codigo_fornecedor, codigo_produto, preco_custo ) VALUES ( 4, 124, 25.5000);
INSERT INTO curso_ecommerce.tb_fornecedor_produto( codigo_fornecedor, codigo_produto, preco_custo ) VALUES ( 4, 144, 4.2500);
INSERT INTO curso_ecommerce.tb_fornecedor_produto( codigo_fornecedor, codigo_produto, preco_custo ) VALUES ( 4, 164, 3.5000);
INSERT INTO curso_ecommerce.tb_fornecedor_produto( codigo_fornecedor, codigo_produto, preco_custo ) VALUES ( 4, 184, 12.5000);
INSERT INTO curso_ecommerce.tb_fornecedor_produto( codigo_fornecedor, codigo_produto, preco_custo ) VALUES ( 5, 5, 780.5000);
INSERT INTO curso_ecommerce.tb_fornecedor_produto( codigo_fornecedor, codigo_produto, preco_custo ) VALUES ( 5, 25, 850.5000);
INSERT INTO curso_ecommerce.tb_fornecedor_produto( codigo_fornecedor, codigo_produto, preco_custo ) VALUES ( 5, 45, 950.5000);
INSERT INTO curso_ecommerce.tb_fornecedor_produto( codigo_fornecedor, codigo_produto, preco_custo ) VALUES ( 5, 65, 89.9000);
INSERT INTO curso_ecommerce.tb_fornecedor_produto( codigo_fornecedor, codigo_produto, preco_custo ) VALUES ( 5, 85, 10.5000);
INSERT INTO curso_ecommerce.tb_fornecedor_produto( codigo_fornecedor, codigo_produto, preco_custo ) VALUES ( 5, 105, 1899.9000);
INSERT INTO curso_ecommerce.tb_fornecedor_produto( codigo_fornecedor, codigo_produto, preco_custo ) VALUES ( 5, 125, 52.5000);
INSERT INTO curso_ecommerce.tb_fornecedor_produto( codigo_fornecedor, codigo_produto, preco_custo ) VALUES ( 5, 145, 3.2500);
INSERT INTO curso_ecommerce.tb_fornecedor_produto( codigo_fornecedor, codigo_produto, preco_custo ) VALUES ( 5, 165, 2.5000);
INSERT INTO curso_ecommerce.tb_fornecedor_produto( codigo_fornecedor, codigo_produto, preco_custo ) VALUES ( 5, 185, 15.5000);
INSERT INTO curso_ecommerce.tb_fornecedor_produto( codigo_fornecedor, codigo_produto, preco_custo ) VALUES ( 6, 6, 950.5000);
INSERT INTO curso_ecommerce.tb_fornecedor_produto( codigo_fornecedor, codigo_produto, preco_custo ) VALUES ( 6, 26, 350.5000);
INSERT INTO curso_ecommerce.tb_fornecedor_produto( codigo_fornecedor, codigo_produto, preco_custo ) VALUES ( 6, 46, 149.9000);
INSERT INTO curso_ecommerce.tb_fornecedor_produto( codigo_fornecedor, codigo_produto, preco_custo ) VALUES ( 6, 66, 65.5000);
INSERT INTO curso_ecommerce.tb_fornecedor_produto( codigo_fornecedor, codigo_produto, preco_custo ) VALUES ( 6, 86, 15.5000);
INSERT INTO curso_ecommerce.tb_fornecedor_produto( codigo_fornecedor, codigo_produto, preco_custo ) VALUES ( 6, 106, 120.5000);
INSERT INTO curso_ecommerce.tb_fornecedor_produto( codigo_fornecedor, codigo_produto, preco_custo ) VALUES ( 6, 126, 75.5000);
INSERT INTO curso_ecommerce.tb_fornecedor_produto( codigo_fornecedor, codigo_produto, preco_custo ) VALUES ( 6, 146, 8.5000);
INSERT INTO curso_ecommerce.tb_fornecedor_produto( codigo_fornecedor, codigo_produto, preco_custo ) VALUES ( 6, 166, 12.5000);
INSERT INTO curso_ecommerce.tb_fornecedor_produto( codigo_fornecedor, codigo_produto, preco_custo ) VALUES ( 6, 186, 45.5000);
INSERT INTO curso_ecommerce.tb_fornecedor_produto( codigo_fornecedor, codigo_produto, preco_custo ) VALUES ( 7, 7, 89.9000);
INSERT INTO curso_ecommerce.tb_fornecedor_produto( codigo_fornecedor, codigo_produto, preco_custo ) VALUES ( 7, 27, 250.5000);
INSERT INTO curso_ecommerce.tb_fornecedor_produto( codigo_fornecedor, codigo_produto, preco_custo ) VALUES ( 7, 47, 89.9000);
INSERT INTO curso_ecommerce.tb_fornecedor_produto( codigo_fornecedor, codigo_produto, preco_custo ) VALUES ( 7, 67, 72.5000);
INSERT INTO curso_ecommerce.tb_fornecedor_produto( codigo_fornecedor, codigo_produto, preco_custo ) VALUES ( 7, 87, 6.5000);
INSERT INTO curso_ecommerce.tb_fornecedor_produto( codigo_fornecedor, codigo_produto, preco_custo ) VALUES ( 7, 107, 52.5000);
INSERT INTO curso_ecommerce.tb_fornecedor_produto( codigo_fornecedor, codigo_produto, preco_custo ) VALUES ( 7, 127, 180);
INSERT INTO curso_ecommerce.tb_fornecedor_produto( codigo_fornecedor, codigo_produto, preco_custo ) VALUES ( 7, 147, 3.2500);
INSERT INTO curso_ecommerce.tb_fornecedor_produto( codigo_fornecedor, codigo_produto, preco_custo ) VALUES ( 7, 167, 3.5000);
INSERT INTO curso_ecommerce.tb_fornecedor_produto( codigo_fornecedor, codigo_produto, preco_custo ) VALUES ( 7, 187, 25.5000);
INSERT INTO curso_ecommerce.tb_fornecedor_produto( codigo_fornecedor, codigo_produto, preco_custo ) VALUES ( 8, 8, 150.5000);
INSERT INTO curso_ecommerce.tb_fornecedor_produto( codigo_fornecedor, codigo_produto, preco_custo ) VALUES ( 8, 28, 1250.5000);
INSERT INTO curso_ecommerce.tb_fornecedor_produto( codigo_fornecedor, codigo_produto, preco_custo ) VALUES ( 8, 48, 45.5000);
INSERT INTO curso_ecommerce.tb_fornecedor_produto( codigo_fornecedor, codigo_produto, preco_custo ) VALUES ( 8, 68, 150.5000);
INSERT INTO curso_ecommerce.tb_fornecedor_produto( codigo_fornecedor, codigo_produto, preco_custo ) VALUES ( 8, 88, 7.5000);
INSERT INTO curso_ecommerce.tb_fornecedor_produto( codigo_fornecedor, codigo_produto, preco_custo ) VALUES ( 8, 108, 25.5000);
INSERT INTO curso_ecommerce.tb_fornecedor_produto( codigo_fornecedor, codigo_produto, preco_custo ) VALUES ( 8, 128, 180);
INSERT INTO curso_ecommerce.tb_fornecedor_produto( codigo_fornecedor, codigo_produto, preco_custo ) VALUES ( 8, 148, 2.8500);
INSERT INTO curso_ecommerce.tb_fornecedor_produto( codigo_fornecedor, codigo_produto, preco_custo ) VALUES ( 8, 168, 1.5000);
INSERT INTO curso_ecommerce.tb_fornecedor_produto( codigo_fornecedor, codigo_produto, preco_custo ) VALUES ( 8, 188, 15.5000);
INSERT INTO curso_ecommerce.tb_fornecedor_produto( codigo_fornecedor, codigo_produto, preco_custo ) VALUES ( 9, 9, 250.5000);
INSERT INTO curso_ecommerce.tb_fornecedor_produto( codigo_fornecedor, codigo_produto, preco_custo ) VALUES ( 9, 29, 180);
INSERT INTO curso_ecommerce.tb_fornecedor_produto( codigo_fornecedor, codigo_produto, preco_custo ) VALUES ( 9, 49, 75.5000);
INSERT INTO curso_ecommerce.tb_fornecedor_produto( codigo_fornecedor, codigo_produto, preco_custo ) VALUES ( 9, 69, 52.5000);
INSERT INTO curso_ecommerce.tb_fornecedor_produto( codigo_fornecedor, codigo_produto, preco_custo ) VALUES ( 9, 89, 8.5000);
INSERT INTO curso_ecommerce.tb_fornecedor_produto( codigo_fornecedor, codigo_produto, preco_custo ) VALUES ( 9, 109, 65.5000);
INSERT INTO curso_ecommerce.tb_fornecedor_produto( codigo_fornecedor, codigo_produto, preco_custo ) VALUES ( 9, 129, 35);
INSERT INTO curso_ecommerce.tb_fornecedor_produto( codigo_fornecedor, codigo_produto, preco_custo ) VALUES ( 9, 149, 2.5000);
INSERT INTO curso_ecommerce.tb_fornecedor_produto( codigo_fornecedor, codigo_produto, preco_custo ) VALUES ( 9, 169, 3.2500);
INSERT INTO curso_ecommerce.tb_fornecedor_produto( codigo_fornecedor, codigo_produto, preco_custo ) VALUES ( 9, 189, 120.5000);
INSERT INTO curso_ecommerce.tb_fornecedor_produto( codigo_fornecedor, codigo_produto, preco_custo ) VALUES ( 10, 10, 25.5000);
INSERT INTO curso_ecommerce.tb_fornecedor_produto( codigo_fornecedor, codigo_produto, preco_custo ) VALUES ( 10, 30, 220.5000);
INSERT INTO curso_ecommerce.tb_fornecedor_produto( codigo_fornecedor, codigo_produto, preco_custo ) VALUES ( 10, 50, 250.5000);
INSERT INTO curso_ecommerce.tb_fornecedor_produto( codigo_fornecedor, codigo_produto, preco_custo ) VALUES ( 10, 70, 42.5000);
INSERT INTO curso_ecommerce.tb_fornecedor_produto( codigo_fornecedor, codigo_produto, preco_custo ) VALUES ( 10, 90, 12.5000);
INSERT INTO curso_ecommerce.tb_fornecedor_produto( codigo_fornecedor, codigo_produto, preco_custo ) VALUES ( 10, 110, 95.5000);
INSERT INTO curso_ecommerce.tb_fornecedor_produto( codigo_fornecedor, codigo_produto, preco_custo ) VALUES ( 10, 130, 35.5000);
INSERT INTO curso_ecommerce.tb_fornecedor_produto( codigo_fornecedor, codigo_produto, preco_custo ) VALUES ( 10, 150, 4.5000);
INSERT INTO curso_ecommerce.tb_fornecedor_produto( codigo_fornecedor, codigo_produto, preco_custo ) VALUES ( 10, 170, 15.5000);
INSERT INTO curso_ecommerce.tb_fornecedor_produto( codigo_fornecedor, codigo_produto, preco_custo ) VALUES ( 10, 190, 85.5000);
INSERT INTO curso_ecommerce.tb_fornecedor_produto( codigo_fornecedor, codigo_produto, preco_custo ) VALUES ( 11, 11, 150.5000);
INSERT INTO curso_ecommerce.tb_fornecedor_produto( codigo_fornecedor, codigo_produto, preco_custo ) VALUES ( 11, 31, 350.5000);
INSERT INTO curso_ecommerce.tb_fornecedor_produto( codigo_fornecedor, codigo_produto, preco_custo ) VALUES ( 11, 51, 1350);
INSERT INTO curso_ecommerce.tb_fornecedor_produto( codigo_fornecedor, codigo_produto, preco_custo ) VALUES ( 11, 71, 65.5000);
INSERT INTO curso_ecommerce.tb_fornecedor_produto( codigo_fornecedor, codigo_produto, preco_custo ) VALUES ( 11, 91, 95.5000);
INSERT INTO curso_ecommerce.tb_fornecedor_produto( codigo_fornecedor, codigo_produto, preco_custo ) VALUES ( 11, 111, 75);
INSERT INTO curso_ecommerce.tb_fornecedor_produto( codigo_fornecedor, codigo_produto, preco_custo ) VALUES ( 11, 131, 480);
INSERT INTO curso_ecommerce.tb_fornecedor_produto( codigo_fornecedor, codigo_produto, preco_custo ) VALUES ( 11, 151, 2.5000);
INSERT INTO curso_ecommerce.tb_fornecedor_produto( codigo_fornecedor, codigo_produto, preco_custo ) VALUES ( 11, 171, 12.5000);
INSERT INTO curso_ecommerce.tb_fornecedor_produto( codigo_fornecedor, codigo_produto, preco_custo ) VALUES ( 11, 191, 25.5000);
INSERT INTO curso_ecommerce.tb_fornecedor_produto( codigo_fornecedor, codigo_produto, preco_custo ) VALUES ( 12, 12, 450.5000);
INSERT INTO curso_ecommerce.tb_fornecedor_produto( codigo_fornecedor, codigo_produto, preco_custo ) VALUES ( 12, 32, 479.9000);
INSERT INTO curso_ecommerce.tb_fornecedor_produto( codigo_fornecedor, codigo_produto, preco_custo ) VALUES ( 12, 52, 150.5000);
INSERT INTO curso_ecommerce.tb_fornecedor_produto( codigo_fornecedor, codigo_produto, preco_custo ) VALUES ( 12, 72, 52.5000);
INSERT INTO curso_ecommerce.tb_fornecedor_produto( codigo_fornecedor, codigo_produto, preco_custo ) VALUES ( 12, 92, 7.5000);
INSERT INTO curso_ecommerce.tb_fornecedor_produto( codigo_fornecedor, codigo_produto, preco_custo ) VALUES ( 12, 112, 210);
INSERT INTO curso_ecommerce.tb_fornecedor_produto( codigo_fornecedor, codigo_produto, preco_custo ) VALUES ( 12, 132, 180.5000);
INSERT INTO curso_ecommerce.tb_fornecedor_produto( codigo_fornecedor, codigo_produto, preco_custo ) VALUES ( 12, 152, 3.5000);
INSERT INTO curso_ecommerce.tb_fornecedor_produto( codigo_fornecedor, codigo_produto, preco_custo ) VALUES ( 12, 172, 95.5000);
INSERT INTO curso_ecommerce.tb_fornecedor_produto( codigo_fornecedor, codigo_produto, preco_custo ) VALUES ( 12, 192, 18.5000);
INSERT INTO curso_ecommerce.tb_fornecedor_produto( codigo_fornecedor, codigo_produto, preco_custo ) VALUES ( 13, 13, 35.5000);
INSERT INTO curso_ecommerce.tb_fornecedor_produto( codigo_fornecedor, codigo_produto, preco_custo ) VALUES ( 13, 33, 950.5000);
INSERT INTO curso_ecommerce.tb_fornecedor_produto( codigo_fornecedor, codigo_produto, preco_custo ) VALUES ( 13, 53, 85.5000);
INSERT INTO curso_ecommerce.tb_fornecedor_produto( codigo_fornecedor, codigo_produto, preco_custo ) VALUES ( 13, 73, 59.9000);
INSERT INTO curso_ecommerce.tb_fornecedor_produto( codigo_fornecedor, codigo_produto, preco_custo ) VALUES ( 13, 93, 15.5000);
INSERT INTO curso_ecommerce.tb_fornecedor_produto( codigo_fornecedor, codigo_produto, preco_custo ) VALUES ( 13, 113, 850.5000);
INSERT INTO curso_ecommerce.tb_fornecedor_produto( codigo_fornecedor, codigo_produto, preco_custo ) VALUES ( 13, 133, 650.5000);
INSERT INTO curso_ecommerce.tb_fornecedor_produto( codigo_fornecedor, codigo_produto, preco_custo ) VALUES ( 13, 153, 4.5000);
INSERT INTO curso_ecommerce.tb_fornecedor_produto( codigo_fornecedor, codigo_produto, preco_custo ) VALUES ( 13, 173, 95.5000);
INSERT INTO curso_ecommerce.tb_fornecedor_produto( codigo_fornecedor, codigo_produto, preco_custo ) VALUES ( 13, 193, 65.5000);
INSERT INTO curso_ecommerce.tb_fornecedor_produto( codigo_fornecedor, codigo_produto, preco_custo ) VALUES ( 14, 14, 119.9000);
INSERT INTO curso_ecommerce.tb_fornecedor_produto( codigo_fornecedor, codigo_produto, preco_custo ) VALUES ( 14, 34, 350.5000);
INSERT INTO curso_ecommerce.tb_fornecedor_produto( codigo_fornecedor, codigo_produto, preco_custo ) VALUES ( 14, 54, 1650);
INSERT INTO curso_ecommerce.tb_fornecedor_produto( codigo_fornecedor, codigo_produto, preco_custo ) VALUES ( 14, 74, 15.5000);
INSERT INTO curso_ecommerce.tb_fornecedor_produto( codigo_fornecedor, codigo_produto, preco_custo ) VALUES ( 14, 94, 8.9000);
INSERT INTO curso_ecommerce.tb_fornecedor_produto( codigo_fornecedor, codigo_produto, preco_custo ) VALUES ( 14, 114, 25.5000);
INSERT INTO curso_ecommerce.tb_fornecedor_produto( codigo_fornecedor, codigo_produto, preco_custo ) VALUES ( 14, 134, 450.5000);
INSERT INTO curso_ecommerce.tb_fornecedor_produto( codigo_fornecedor, codigo_produto, preco_custo ) VALUES ( 14, 154, 3.5000);
INSERT INTO curso_ecommerce.tb_fornecedor_produto( codigo_fornecedor, codigo_produto, preco_custo ) VALUES ( 14, 174, 2.5000);
INSERT INTO curso_ecommerce.tb_fornecedor_produto( codigo_fornecedor, codigo_produto, preco_custo ) VALUES ( 14, 194, 15.5000);
INSERT INTO curso_ecommerce.tb_fornecedor_produto( codigo_fornecedor, codigo_produto, preco_custo ) VALUES ( 15, 15, 150.5000);
INSERT INTO curso_ecommerce.tb_fornecedor_produto( codigo_fornecedor, codigo_produto, preco_custo ) VALUES ( 15, 35, 899.9000);
INSERT INTO curso_ecommerce.tb_fornecedor_produto( codigo_fornecedor, codigo_produto, preco_custo ) VALUES ( 15, 55, 85.5000);
INSERT INTO curso_ecommerce.tb_fornecedor_produto( codigo_fornecedor, codigo_produto, preco_custo ) VALUES ( 15, 75, 65.5000);
INSERT INTO curso_ecommerce.tb_fornecedor_produto( codigo_fornecedor, codigo_produto, preco_custo ) VALUES ( 15, 95, 15.7500);
INSERT INTO curso_ecommerce.tb_fornecedor_produto( codigo_fornecedor, codigo_produto, preco_custo ) VALUES ( 15, 115, 49.9000);
INSERT INTO curso_ecommerce.tb_fornecedor_produto( codigo_fornecedor, codigo_produto, preco_custo ) VALUES ( 15, 135, 29.9000);
INSERT INTO curso_ecommerce.tb_fornecedor_produto( codigo_fornecedor, codigo_produto, preco_custo ) VALUES ( 15, 155, 3.8500);
INSERT INTO curso_ecommerce.tb_fornecedor_produto( codigo_fornecedor, codigo_produto, preco_custo ) VALUES ( 15, 175, 18.5000);
INSERT INTO curso_ecommerce.tb_fornecedor_produto( codigo_fornecedor, codigo_produto, preco_custo ) VALUES ( 15, 195, 12.5000);
INSERT INTO curso_ecommerce.tb_fornecedor_produto( codigo_fornecedor, codigo_produto, preco_custo ) VALUES ( 16, 16, 120.5000);
INSERT INTO curso_ecommerce.tb_fornecedor_produto( codigo_fornecedor, codigo_produto, preco_custo ) VALUES ( 16, 36, 950.5000);
INSERT INTO curso_ecommerce.tb_fornecedor_produto( codigo_fornecedor, codigo_produto, preco_custo ) VALUES ( 16, 56, 289.9000);
INSERT INTO curso_ecommerce.tb_fornecedor_produto( codigo_fornecedor, codigo_produto, preco_custo ) VALUES ( 16, 76, 32.5000);
INSERT INTO curso_ecommerce.tb_fornecedor_produto( codigo_fornecedor, codigo_produto, preco_custo ) VALUES ( 16, 96, 25.5000);
INSERT INTO curso_ecommerce.tb_fornecedor_produto( codigo_fornecedor, codigo_produto, preco_custo ) VALUES ( 16, 116, 45.5000);
INSERT INTO curso_ecommerce.tb_fornecedor_produto( codigo_fornecedor, codigo_produto, preco_custo ) VALUES ( 16, 136, 150.5000);
INSERT INTO curso_ecommerce.tb_fornecedor_produto( codigo_fornecedor, codigo_produto, preco_custo ) VALUES ( 16, 156, 1.8500);
INSERT INTO curso_ecommerce.tb_fornecedor_produto( codigo_fornecedor, codigo_produto, preco_custo ) VALUES ( 16, 176, 15.9900);
INSERT INTO curso_ecommerce.tb_fornecedor_produto( codigo_fornecedor, codigo_produto, preco_custo ) VALUES ( 16, 196, 10.5000);
INSERT INTO curso_ecommerce.tb_fornecedor_produto( codigo_fornecedor, codigo_produto, preco_custo ) VALUES ( 17, 17, 1750.7500);
INSERT INTO curso_ecommerce.tb_fornecedor_produto( codigo_fornecedor, codigo_produto, preco_custo ) VALUES ( 17, 37, 150.5000);
INSERT INTO curso_ecommerce.tb_fornecedor_produto( codigo_fornecedor, codigo_produto, preco_custo ) VALUES ( 17, 57, 85.5000);
INSERT INTO curso_ecommerce.tb_fornecedor_produto( codigo_fornecedor, codigo_produto, preco_custo ) VALUES ( 17, 77, 45.5000);
INSERT INTO curso_ecommerce.tb_fornecedor_produto( codigo_fornecedor, codigo_produto, preco_custo ) VALUES ( 17, 97, 42.5000);
INSERT INTO curso_ecommerce.tb_fornecedor_produto( codigo_fornecedor, codigo_produto, preco_custo ) VALUES ( 17, 117, 52.5000);
INSERT INTO curso_ecommerce.tb_fornecedor_produto( codigo_fornecedor, codigo_produto, preco_custo ) VALUES ( 17, 137, 12.5000);
INSERT INTO curso_ecommerce.tb_fornecedor_produto( codigo_fornecedor, codigo_produto, preco_custo ) VALUES ( 17, 157, 3.5000);
INSERT INTO curso_ecommerce.tb_fornecedor_produto( codigo_fornecedor, codigo_produto, preco_custo ) VALUES ( 17, 177, 5.9000);
INSERT INTO curso_ecommerce.tb_fornecedor_produto( codigo_fornecedor, codigo_produto, preco_custo ) VALUES ( 17, 197, 7.5000);
INSERT INTO curso_ecommerce.tb_fornecedor_produto( codigo_fornecedor, codigo_produto, preco_custo ) VALUES ( 18, 18, 35.5000);
INSERT INTO curso_ecommerce.tb_fornecedor_produto( codigo_fornecedor, codigo_produto, preco_custo ) VALUES ( 18, 38, 180.5000);
INSERT INTO curso_ecommerce.tb_fornecedor_produto( codigo_fornecedor, codigo_produto, preco_custo ) VALUES ( 18, 58, 65.5000);
INSERT INTO curso_ecommerce.tb_fornecedor_produto( codigo_fornecedor, codigo_produto, preco_custo ) VALUES ( 18, 78, 70.2500);
INSERT INTO curso_ecommerce.tb_fornecedor_produto( codigo_fornecedor, codigo_produto, preco_custo ) VALUES ( 18, 98, 15.5000);
INSERT INTO curso_ecommerce.tb_fornecedor_produto( codigo_fornecedor, codigo_produto, preco_custo ) VALUES ( 18, 118, 180.5000);
INSERT INTO curso_ecommerce.tb_fornecedor_produto( codigo_fornecedor, codigo_produto, preco_custo ) VALUES ( 18, 138, 15.5000);
INSERT INTO curso_ecommerce.tb_fornecedor_produto( codigo_fornecedor, codigo_produto, preco_custo ) VALUES ( 18, 158, 4.5000);
INSERT INTO curso_ecommerce.tb_fornecedor_produto( codigo_fornecedor, codigo_produto, preco_custo ) VALUES ( 18, 178, 65.5000);
INSERT INTO curso_ecommerce.tb_fornecedor_produto( codigo_fornecedor, codigo_produto, preco_custo ) VALUES ( 18, 198, 15.5000);
INSERT INTO curso_ecommerce.tb_fornecedor_produto( codigo_fornecedor, codigo_produto, preco_custo ) VALUES ( 19, 19, 250);
INSERT INTO curso_ecommerce.tb_fornecedor_produto( codigo_fornecedor, codigo_produto, preco_custo ) VALUES ( 19, 39, 299.9000);
INSERT INTO curso_ecommerce.tb_fornecedor_produto( codigo_fornecedor, codigo_produto, preco_custo ) VALUES ( 19, 59, 120.5000);
INSERT INTO curso_ecommerce.tb_fornecedor_produto( codigo_fornecedor, codigo_produto, preco_custo ) VALUES ( 19, 79, 85.5000);
INSERT INTO curso_ecommerce.tb_fornecedor_produto( codigo_fornecedor, codigo_produto, preco_custo ) VALUES ( 19, 99, 3.5000);
INSERT INTO curso_ecommerce.tb_fornecedor_produto( codigo_fornecedor, codigo_produto, preco_custo ) VALUES ( 19, 119, 180);
INSERT INTO curso_ecommerce.tb_fornecedor_produto( codigo_fornecedor, codigo_produto, preco_custo ) VALUES ( 19, 139, 17.5000);
INSERT INTO curso_ecommerce.tb_fornecedor_produto( codigo_fornecedor, codigo_produto, preco_custo ) VALUES ( 19, 159, 3.5000);
INSERT INTO curso_ecommerce.tb_fornecedor_produto( codigo_fornecedor, codigo_produto, preco_custo ) VALUES ( 19, 179, 45.5000);
INSERT INTO curso_ecommerce.tb_fornecedor_produto( codigo_fornecedor, codigo_produto, preco_custo ) VALUES ( 19, 199, 25.5000);
INSERT INTO curso_ecommerce.tb_fornecedor_produto( codigo_fornecedor, codigo_produto, preco_custo ) VALUES ( 20, 20, 35.5000);
INSERT INTO curso_ecommerce.tb_fornecedor_produto( codigo_fornecedor, codigo_produto, preco_custo ) VALUES ( 20, 40, 250.5000);
INSERT INTO curso_ecommerce.tb_fornecedor_produto( codigo_fornecedor, codigo_produto, preco_custo ) VALUES ( 20, 60, 65.5000);
INSERT INTO curso_ecommerce.tb_fornecedor_produto( codigo_fornecedor, codigo_produto, preco_custo ) VALUES ( 20, 80, 25.5000);
INSERT INTO curso_ecommerce.tb_fornecedor_produto( codigo_fornecedor, codigo_produto, preco_custo ) VALUES ( 20, 100, 3.5000);
INSERT INTO curso_ecommerce.tb_fornecedor_produto( codigo_fornecedor, codigo_produto, preco_custo ) VALUES ( 20, 120, 180.5000);
INSERT INTO curso_ecommerce.tb_fornecedor_produto( codigo_fornecedor, codigo_produto, preco_custo ) VALUES ( 20, 140, 95.5000);
INSERT INTO curso_ecommerce.tb_fornecedor_produto( codigo_fornecedor, codigo_produto, preco_custo ) VALUES ( 20, 160, 18.5000);
INSERT INTO curso_ecommerce.tb_fornecedor_produto( codigo_fornecedor, codigo_produto, preco_custo ) VALUES ( 20, 180, 45.5000);
INSERT INTO curso_ecommerce.tb_fornecedor_produto( codigo_fornecedor, codigo_produto, preco_custo ) VALUES ( 20, 200, 18.5000);
INSERT INTO curso_ecommerce.tb_pedido( codigo_pedido, status_pedido, data_pedido, data_devolucao, valor_total_produtos, valor_frete, desconto_pedido, valor_total_pedido, codigo_compra ) VALUES ( 1, 1, '2025-03-01 07.15.23 AM', '2025-03-08 07.15.23 AM', 2339.8200, 15.90, 0, 2323.92, 1);
INSERT INTO curso_ecommerce.tb_pedido( codigo_pedido, status_pedido, data_pedido, data_devolucao, valor_total_produtos, valor_frete, desconto_pedido, valor_total_pedido, codigo_compra ) VALUES ( 2, 1, '2025-03-01 08.30.45 AM', '2025-03-08 08.30.45 AM', 341.7100, 12.50, 0, 329.21, 2);
INSERT INTO curso_ecommerce.tb_pedido( codigo_pedido, status_pedido, data_pedido, data_devolucao, valor_total_produtos, valor_frete, desconto_pedido, valor_total_pedido, codigo_compra ) VALUES ( 3, 1, '2025-03-01 11.22.10 AM', '2025-03-08 11.22.10 AM', 19.3500, 18.30, 0, 1.05, 3);
INSERT INTO curso_ecommerce.tb_pedido( codigo_pedido, status_pedido, data_pedido, data_devolucao, valor_total_produtos, valor_frete, desconto_pedido, valor_total_pedido, codigo_compra ) VALUES ( 4, 1, '2025-03-02 06.45.32 AM', '2025-03-09 06.45.32 AM', 2124.9100, 25, 0, 2099.91, 4);
INSERT INTO curso_ecommerce.tb_pedido( codigo_pedido, status_pedido, data_pedido, data_devolucao, valor_total_produtos, valor_frete, desconto_pedido, valor_total_pedido, codigo_compra ) VALUES ( 5, 1, '2025-03-02 10.10.28 AM', '2025-03-09 10.10.28 AM', 49.0200, 10.80, 0, 38.22, 5);
INSERT INTO curso_ecommerce.tb_pedido( codigo_pedido, status_pedido, data_pedido, data_devolucao, valor_total_produtos, valor_frete, desconto_pedido, valor_total_pedido, codigo_compra ) VALUES ( 6, 1, '2025-03-03 12.40.19 PM', '2025-03-10 12.40.19 PM', 26.9900, 20.50, 0, 6.49, 6);
INSERT INTO curso_ecommerce.tb_pedido( codigo_pedido, status_pedido, data_pedido, data_devolucao, valor_total_produtos, valor_frete, desconto_pedido, valor_total_pedido, codigo_compra ) VALUES ( 7, 1, '2025-03-03 01.55.41 PM', '2025-03-10 01.55.41 PM', 269.8200, 15.40, 0, 254.42, 7);
INSERT INTO curso_ecommerce.tb_pedido( codigo_pedido, status_pedido, data_pedido, data_devolucao, valor_total_produtos, valor_frete, desconto_pedido, valor_total_pedido, codigo_compra ) VALUES ( 8, 1, '2025-03-04 07.05.33 AM', '2025-03-11 07.05.33 AM', 2575.9100, 8.90, 0, 2567.01, 8);
INSERT INTO curso_ecommerce.tb_pedido( codigo_pedido, status_pedido, data_pedido, data_devolucao, valor_total_produtos, valor_frete, desconto_pedido, valor_total_pedido, codigo_compra ) VALUES ( 9, 1, '2025-03-04 11.30.22 AM', '2025-03-11 11.30.22 AM', 1407.8200, 22.70, 0, 1385.12, 9);
INSERT INTO curso_ecommerce.tb_pedido( codigo_pedido, status_pedido, data_pedido, data_devolucao, valor_total_produtos, valor_frete, desconto_pedido, valor_total_pedido, codigo_compra ) VALUES ( 10, 1, '2025-03-05 08.25.18 AM', '2025-03-12 08.25.18 AM', 256.2100, 19.30, 0, 236.91, 10);
INSERT INTO curso_ecommerce.tb_pedido( codigo_pedido, status_pedido, data_pedido, data_devolucao, valor_total_produtos, valor_frete, desconto_pedido, valor_total_pedido, codigo_compra ) VALUES ( 11, 1, '2025-03-05 01.40.27 PM', '2025-03-12 01.40.27 PM', 59.9500, 14.60, 0, 45.35, 11);
INSERT INTO curso_ecommerce.tb_pedido( codigo_pedido, status_pedido, data_pedido, data_devolucao, valor_total_produtos, valor_frete, desconto_pedido, valor_total_pedido, codigo_compra ) VALUES ( 12, 1, '2025-03-06 06.15.38 AM', '2025-03-13 06.15.38 AM', 72.4600, 9.80, 0, 62.66, 12);
INSERT INTO curso_ecommerce.tb_pedido( codigo_pedido, status_pedido, data_pedido, data_devolucao, valor_total_produtos, valor_frete, desconto_pedido, valor_total_pedido, codigo_compra ) VALUES ( 13, 1, '2025-03-06 09.50.19 AM', '2025-03-13 09.50.19 AM', 1274.9100, 21.40, 0, 1253.51, 13);
INSERT INTO curso_ecommerce.tb_pedido( codigo_pedido, status_pedido, data_pedido, data_devolucao, valor_total_produtos, valor_frete, desconto_pedido, valor_total_pedido, codigo_compra ) VALUES ( 14, 1, '2025-03-07 11.20.45 AM', '2025-03-14 11.20.45 AM', 46.9600, 17.90, 0, 29.06, 14);
INSERT INTO curso_ecommerce.tb_pedido( codigo_pedido, status_pedido, data_pedido, data_devolucao, valor_total_produtos, valor_frete, desconto_pedido, valor_total_pedido, codigo_compra ) VALUES ( 15, 1, '2025-03-07 02.35.12 PM', '2025-03-14 02.35.12 PM', 629.8200, 12.30, 0, 617.52, 15);
INSERT INTO curso_ecommerce.tb_pedido( codigo_pedido, status_pedido, data_pedido, data_devolucao, valor_total_produtos, valor_frete, desconto_pedido, valor_total_pedido, codigo_compra ) VALUES ( 16, 1, '2025-03-08 07.45.28 AM', '2025-03-15 07.45.28 AM', 178.4400, 24.80, 0, 153.64, 16);
INSERT INTO curso_ecommerce.tb_pedido( codigo_pedido, status_pedido, data_pedido, data_devolucao, valor_total_produtos, valor_frete, desconto_pedido, valor_total_pedido, codigo_compra ) VALUES ( 17, 1, '2025-03-08 10.20.39 AM', '2025-03-15 10.20.39 AM', 527.8200, 18.70, 0, 509.12, 17);
INSERT INTO curso_ecommerce.tb_pedido( codigo_pedido, status_pedido, data_pedido, data_devolucao, valor_total_produtos, valor_frete, desconto_pedido, valor_total_pedido, codigo_compra ) VALUES ( 18, 1, '2025-03-09 12.10.27 PM', '2025-03-16 12.10.27 PM', 2207.9100, 15.20, 0, 2192.71, 18);
INSERT INTO curso_ecommerce.tb_pedido( codigo_pedido, status_pedido, data_pedido, data_devolucao, valor_total_produtos, valor_frete, desconto_pedido, valor_total_pedido, codigo_compra ) VALUES ( 19, 1, '2025-03-09 01.45.36 PM', '2025-03-16 01.45.36 PM', 98.4200, 13.90, 0, 84.52, 19);
INSERT INTO curso_ecommerce.tb_pedido( codigo_pedido, status_pedido, data_pedido, data_devolucao, valor_total_produtos, valor_frete, desconto_pedido, valor_total_pedido, codigo_compra ) VALUES ( 20, 1, '2025-03-10 06.30.48 AM', '2025-03-17 06.30.48 AM', 161.7300, 11.60, 0, 150.13, 20);
INSERT INTO curso_ecommerce.tb_pedido( codigo_pedido, status_pedido, data_pedido, data_devolucao, valor_total_produtos, valor_frete, desconto_pedido, valor_total_pedido, codigo_compra ) VALUES ( 21, 1, '2025-03-10 08.50.23 AM', '2025-03-17 08.50.23 AM', 1169.9100, 19.80, 0, 1150.11, 21);
INSERT INTO curso_ecommerce.tb_pedido( codigo_pedido, status_pedido, data_pedido, data_devolucao, valor_total_produtos, valor_frete, desconto_pedido, valor_total_pedido, codigo_compra ) VALUES ( 22, 1, '2025-03-11 11.15.29 AM', '2025-03-18 11.15.29 AM', 455.6200, 16.50, 0, 439.12, 22);
INSERT INTO curso_ecommerce.tb_pedido( codigo_pedido, status_pedido, data_pedido, data_devolucao, valor_total_produtos, valor_frete, desconto_pedido, valor_total_pedido, codigo_compra ) VALUES ( 23, 1, '2025-03-11 01.30.42 PM', '2025-03-18 01.30.42 PM', 23.2200, 14.20, 0, 9.02, 23);
INSERT INTO curso_ecommerce.tb_pedido( codigo_pedido, status_pedido, data_pedido, data_devolucao, valor_total_produtos, valor_frete, desconto_pedido, valor_total_pedido, codigo_compra ) VALUES ( 24, 1, '2025-03-12 07.25.17 AM', '2025-03-19 07.25.17 AM', 2124.9100, 22.30, 0, 2102.61, 24);
INSERT INTO curso_ecommerce.tb_pedido( codigo_pedido, status_pedido, data_pedido, data_devolucao, valor_total_produtos, valor_frete, desconto_pedido, valor_total_pedido, codigo_compra ) VALUES ( 25, 1, '2025-03-12 10.40.31 AM', '2025-03-19 10.40.31 AM', 61.2700, 20.10, 0, 41.17, 25);
INSERT INTO curso_ecommerce.tb_pedido( codigo_pedido, status_pedido, data_pedido, data_devolucao, valor_total_produtos, valor_frete, desconto_pedido, valor_total_pedido, codigo_compra ) VALUES ( 26, 1, '2025-03-13 12.20.19 PM', '2025-03-20 12.20.19 PM', 31.4900, 17.80, 0, 13.69, 26);
INSERT INTO curso_ecommerce.tb_pedido( codigo_pedido, status_pedido, data_pedido, data_devolucao, valor_total_produtos, valor_frete, desconto_pedido, valor_total_pedido, codigo_compra ) VALUES ( 27, 1, '2025-03-13 02.45.28 PM', '2025-03-20 02.45.28 PM', 404.7300, 9.50, 0, 395.23, 27);
INSERT INTO curso_ecommerce.tb_pedido( codigo_pedido, status_pedido, data_pedido, data_devolucao, valor_total_produtos, valor_frete, desconto_pedido, valor_total_pedido, codigo_compra ) VALUES ( 28, 1, '2025-03-14 06.10.36 AM', '2025-03-21 06.10.36 AM', 2575.9100, 13.20, 0, 2562.71, 28);
INSERT INTO curso_ecommerce.tb_pedido( codigo_pedido, status_pedido, data_pedido, data_devolucao, valor_total_produtos, valor_frete, desconto_pedido, valor_total_pedido, codigo_compra ) VALUES ( 29, 1, '2025-03-14 09.35.47 AM', '2025-03-21 09.35.47 AM', 1407.8200, 16.90, 0, 1390.92, 29);
INSERT INTO curso_ecommerce.tb_pedido( codigo_pedido, status_pedido, data_pedido, data_devolucao, valor_total_produtos, valor_frete, desconto_pedido, valor_total_pedido, codigo_compra ) VALUES ( 30, 1, '2025-03-15 11.50.22 AM', '2025-03-22 11.50.22 AM', 341.6200, 23.40, 0, 318.22, 30);
INSERT INTO curso_ecommerce.tb_pedido( codigo_pedido, status_pedido, data_pedido, data_devolucao, valor_total_produtos, valor_frete, desconto_pedido, valor_total_pedido, codigo_compra ) VALUES ( 31, 1, '2025-03-15 01.25.38 PM', '2025-03-22 01.25.38 PM', 71.9400, 14.80, 0, 57.14, 31);
INSERT INTO curso_ecommerce.tb_pedido( codigo_pedido, status_pedido, data_pedido, data_devolucao, valor_total_produtos, valor_frete, desconto_pedido, valor_total_pedido, codigo_compra ) VALUES ( 32, 2, '2025-03-16 07.40.19 AM', '2025-03-23 07.40.19 AM', 96.6100, 19.20, 0, 77.41, 32);
INSERT INTO curso_ecommerce.tb_pedido( codigo_pedido, status_pedido, data_pedido, data_devolucao, valor_total_produtos, valor_frete, desconto_pedido, valor_total_pedido, codigo_compra ) VALUES ( 33, 2, '2025-03-16 10.15.27 AM', '2025-03-23 10.15.27 AM', 1274.9100, 11.70, 0, 1263.21, 33);
INSERT INTO curso_ecommerce.tb_pedido( codigo_pedido, status_pedido, data_pedido, data_devolucao, valor_total_produtos, valor_frete, desconto_pedido, valor_total_pedido, codigo_compra ) VALUES ( 34, 2, '2025-03-17 12.30.41 PM', '2025-03-24 12.30.41 PM', 58.7000, 18.60, 0, 40.10, 34);
INSERT INTO curso_ecommerce.tb_pedido( codigo_pedido, status_pedido, data_pedido, data_devolucao, valor_total_produtos, valor_frete, desconto_pedido, valor_total_pedido, codigo_compra ) VALUES ( 35, 2, '2025-03-17 02.05.33 PM', '2025-03-24 02.05.33 PM', 944.7300, 22.80, 0, 921.93, 35);
INSERT INTO curso_ecommerce.tb_pedido( codigo_pedido, status_pedido, data_pedido, data_devolucao, valor_total_produtos, valor_frete, desconto_pedido, valor_total_pedido, codigo_compra ) VALUES ( 36, 2, '2025-03-18 06.20.45 AM', '2025-03-25 06.20.45 AM', 223.0500, 15.30, 0, 207.75, 36);
INSERT INTO curso_ecommerce.tb_pedido( codigo_pedido, status_pedido, data_pedido, data_devolucao, valor_total_produtos, valor_frete, desconto_pedido, valor_total_pedido, codigo_compra ) VALUES ( 37, 2, '2025-03-18 08.45.38 AM', '2025-03-25 08.45.38 AM', 527.8200, 10.20, 0, 517.62, 37);
INSERT INTO curso_ecommerce.tb_pedido( codigo_pedido, status_pedido, data_pedido, data_devolucao, valor_total_produtos, valor_frete, desconto_pedido, valor_total_pedido, codigo_compra ) VALUES ( 38, 2, '2025-03-19 11.10.26 AM', '2025-03-26 11.10.26 AM', 2207.9100, 20.70, 0, 2187.21, 38);
INSERT INTO curso_ecommerce.tb_pedido( codigo_pedido, status_pedido, data_pedido, data_devolucao, valor_total_produtos, valor_frete, desconto_pedido, valor_total_pedido, codigo_compra ) VALUES ( 39, 2, '2025-03-19 01.35.19 PM', '2025-03-26 01.35.19 PM', 123.0200, 16.40, 0, 106.62, 39);
INSERT INTO curso_ecommerce.tb_pedido( codigo_pedido, status_pedido, data_pedido, data_devolucao, valor_total_produtos, valor_frete, desconto_pedido, valor_total_pedido, codigo_compra ) VALUES ( 40, 2, '2025-03-20 07.15.37 AM', '2025-03-27 07.15.37 AM', 215.6400, 18.90, 0, 196.74, 40);
INSERT INTO curso_ecommerce.tb_pedido( codigo_pedido, status_pedido, data_pedido, data_devolucao, valor_total_produtos, valor_frete, desconto_pedido, valor_total_pedido, codigo_compra ) VALUES ( 41, 2, '2025-03-20 10.30.28 AM', '2025-03-27 10.30.28 AM', 1169.9100, 12.80, 0, 1157.11, 41);
INSERT INTO curso_ecommerce.tb_pedido( codigo_pedido, status_pedido, data_pedido, data_devolucao, valor_total_produtos, valor_frete, desconto_pedido, valor_total_pedido, codigo_compra ) VALUES ( 42, 2, '2025-03-21 12.55.42 PM', '2025-03-28 12.55.42 PM', 341.7100, 24.30, 0, 317.41, 42);
INSERT INTO curso_ecommerce.tb_pedido( codigo_pedido, status_pedido, data_pedido, data_devolucao, valor_total_produtos, valor_frete, desconto_pedido, valor_total_pedido, codigo_compra ) VALUES ( 43, 2, '2025-03-21 02.20.31 PM', '2025-03-28 02.20.31 PM', 27.0900, 18.10, 0, 8.99, 43);
INSERT INTO curso_ecommerce.tb_pedido( codigo_pedido, status_pedido, data_pedido, data_devolucao, valor_total_produtos, valor_frete, desconto_pedido, valor_total_pedido, codigo_compra ) VALUES ( 44, 2, '2025-03-22 06.35.19 AM', '2025-03-29 06.35.19 AM', 2124.9100, 13.60, 0, 2111.31, 44);
INSERT INTO curso_ecommerce.tb_pedido( codigo_pedido, status_pedido, data_pedido, data_devolucao, valor_total_produtos, valor_frete, desconto_pedido, valor_total_pedido, codigo_compra ) VALUES ( 45, 2, '2025-03-22 09.05.27 AM', '2025-03-29 09.05.27 AM', 73.5300, 21.90, 0, 51.63, 45);
INSERT INTO curso_ecommerce.tb_pedido( codigo_pedido, status_pedido, data_pedido, data_devolucao, valor_total_produtos, valor_frete, desconto_pedido, valor_total_pedido, codigo_compra ) VALUES ( 46, 2, '2025-03-23 11.40.38 AM', '2025-03-30 11.40.38 AM', 35.9900, 17.20, 0, 18.79, 46);
INSERT INTO curso_ecommerce.tb_pedido( codigo_pedido, status_pedido, data_pedido, data_devolucao, valor_total_produtos, valor_frete, desconto_pedido, valor_total_pedido, codigo_compra ) VALUES ( 47, 2, '2025-03-23 01.15.29 PM', '2025-03-30 01.15.29 PM', 404.7300, 10.50, 0, 394.23, 47);
INSERT INTO curso_ecommerce.tb_pedido( codigo_pedido, status_pedido, data_pedido, data_devolucao, valor_total_produtos, valor_frete, desconto_pedido, valor_total_pedido, codigo_compra ) VALUES ( 48, 2, '2025-03-24 07.30.41 AM', '2025-03-31 07.30.41 AM', 2575.9100, 19.60, 0, 2556.31, 48);
INSERT INTO curso_ecommerce.tb_pedido( codigo_pedido, status_pedido, data_pedido, data_devolucao, valor_total_produtos, valor_frete, desconto_pedido, valor_total_pedido, codigo_compra ) VALUES ( 49, 2, '2025-03-24 10.55.22 AM', '2025-03-31 10.55.22 AM', 1407.8200, 15.80, 0, 1392.02, 49);
INSERT INTO curso_ecommerce.tb_pedido( codigo_pedido, status_pedido, data_pedido, data_devolucao, valor_total_produtos, valor_frete, desconto_pedido, valor_total_pedido, codigo_compra ) VALUES ( 50, 2, '2025-03-25 01.20.33 PM', '2025-04-01 01.20.33 PM', 256.2100, 12.10, 0, 244.11, 50);
INSERT INTO curso_ecommerce.tb_pedido( codigo_pedido, status_pedido, data_pedido, data_devolucao, valor_total_produtos, valor_frete, desconto_pedido, valor_total_pedido, codigo_compra ) VALUES ( 51, 2, '2025-03-01 07.30.45 AM', '2025-03-08 07.30.45 AM', 83.9300, 18.50, 0, 65.43, 1);
INSERT INTO curso_ecommerce.tb_pedido( codigo_pedido, status_pedido, data_pedido, data_devolucao, valor_total_produtos, valor_frete, desconto_pedido, valor_total_pedido, codigo_compra ) VALUES ( 52, 2, '2025-03-02 06.55.18 AM', '2025-03-09 06.55.18 AM', 96.6100, 14.70, 0, 81.91, 4);
INSERT INTO curso_ecommerce.tb_pedido( codigo_pedido, status_pedido, data_pedido, data_devolucao, valor_total_produtos, valor_frete, desconto_pedido, valor_total_pedido, codigo_compra ) VALUES ( 53, 2, '2025-03-03 12.50.22 PM', '2025-03-10 12.50.22 PM', 1274.9100, 21.30, 0, 1253.61, 6);
INSERT INTO curso_ecommerce.tb_pedido( codigo_pedido, status_pedido, data_pedido, data_devolucao, valor_total_produtos, valor_frete, desconto_pedido, valor_total_pedido, codigo_compra ) VALUES ( 54, 2, '2025-03-05 08.35.41 AM', '2025-03-12 08.35.41 AM', 70.4400, 16.80, 0, 53.64, 10);
INSERT INTO curso_ecommerce.tb_pedido( codigo_pedido, status_pedido, data_pedido, data_devolucao, valor_total_produtos, valor_frete, desconto_pedido, valor_total_pedido, codigo_compra ) VALUES ( 55, 2, '2025-03-07 11.25.19 AM', '2025-03-14 11.25.19 AM', 944.7300, 19.50, 0, 925.23, 14);
INSERT INTO curso_ecommerce.tb_pedido( codigo_pedido, status_pedido, data_pedido, data_devolucao, valor_total_produtos, valor_frete, desconto_pedido, valor_total_pedido, codigo_compra ) VALUES ( 56, 2, '2025-03-09 12.15.36 PM', '2025-03-16 12.15.36 PM', 267.6600, 15.70, 0, 251.96, 18);
INSERT INTO curso_ecommerce.tb_pedido( codigo_pedido, status_pedido, data_pedido, data_devolucao, valor_total_produtos, valor_frete, desconto_pedido, valor_total_pedido, codigo_compra ) VALUES ( 57, 2, '2025-03-11 11.20.48 AM', '2025-03-18 11.20.48 AM', 791.7400, 20.40, 0, 771.34, 22);
INSERT INTO curso_ecommerce.tb_pedido( codigo_pedido, status_pedido, data_pedido, data_devolucao, valor_total_produtos, valor_frete, desconto_pedido, valor_total_pedido, codigo_compra ) VALUES ( 58, 2, '2025-03-13 12.30.31 PM', '2025-03-20 12.30.31 PM', 2207.9100, 17.40, 0, 2190.51, 26);
INSERT INTO curso_ecommerce.tb_pedido( codigo_pedido, status_pedido, data_pedido, data_devolucao, valor_total_produtos, valor_frete, desconto_pedido, valor_total_pedido, codigo_compra ) VALUES ( 59, 2, '2025-03-15 11.55.47 AM', '2025-03-22 11.55.47 AM', 147.6300, 22.60, 0, 125.03, 30);
INSERT INTO curso_ecommerce.tb_pedido( codigo_pedido, status_pedido, data_pedido, data_devolucao, valor_total_produtos, valor_frete, desconto_pedido, valor_total_pedido, codigo_compra ) VALUES ( 60, 2, '2025-03-17 12.35.19 PM', '2025-03-24 12.35.19 PM', 215.6400, 19.10, 0, 196.54, 34);
INSERT INTO curso_ecommerce.tb_pedido( codigo_pedido, status_pedido, data_pedido, data_devolucao, valor_total_produtos, valor_frete, desconto_pedido, valor_total_pedido, codigo_compra ) VALUES ( 61, 2, '2025-03-19 11.15.38 AM', '2025-03-26 11.15.38 AM', 137.5400, 21.50, 0, 116.04, 38);
INSERT INTO curso_ecommerce.tb_pedido( codigo_pedido, status_pedido, data_pedido, data_devolucao, valor_total_produtos, valor_frete, desconto_pedido, valor_total_pedido, codigo_compra ) VALUES ( 62, 2, '2025-03-21 01.00.19 PM', '2025-03-28 01.00.19 PM', 455.6200, 23.90, 0, 431.72, 42);
INSERT INTO curso_ecommerce.tb_pedido( codigo_pedido, status_pedido, data_pedido, data_devolucao, valor_total_produtos, valor_frete, desconto_pedido, valor_total_pedido, codigo_compra ) VALUES ( 63, 2, '2025-03-23 11.45.27 AM', '2025-03-30 11.45.27 AM', 350.7300, 18.40, 0, 332.33, 46);
INSERT INTO curso_ecommerce.tb_pedido( codigo_pedido, status_pedido, data_pedido, data_devolucao, valor_total_produtos, valor_frete, desconto_pedido, valor_total_pedido, codigo_compra ) VALUES ( 64, 2, '2025-03-25 01.25.41 PM', '2025-04-01 01.25.41 PM', 330.8300, 16.30, 0, 314.53, 50);
INSERT INTO curso_ecommerce.tb_pedido( codigo_pedido, status_pedido, data_pedido, data_devolucao, valor_total_produtos, valor_frete, desconto_pedido, valor_total_pedido, codigo_compra ) VALUES ( 65, 2, '2025-03-02 07.00.33 AM', '2025-03-09 07.00.33 AM', 679.8300, 17.60, 0, 662.23, 4);
INSERT INTO curso_ecommerce.tb_detalhamento_pedido( codigo_pedido, codigo_vendedor, codigo_produto, quantidade_produto, preco_venda, valor_desconto ) VALUES ( 1, 1, 25, 2, 1299.90, 259.98);
INSERT INTO curso_ecommerce.tb_detalhamento_pedido( codigo_pedido, codigo_vendedor, codigo_produto, quantidade_produto, preco_venda, valor_desconto ) VALUES ( 2, 2, 78, 3, 119.90, 17.99);
INSERT INTO curso_ecommerce.tb_detalhamento_pedido( codigo_pedido, codigo_vendedor, codigo_produto, quantidade_produto, preco_venda, valor_desconto ) VALUES ( 3, 3, 156, 5, 3.99, 0.60);
INSERT INTO curso_ecommerce.tb_detalhamento_pedido( codigo_pedido, codigo_vendedor, codigo_produto, quantidade_produto, preco_venda, valor_desconto ) VALUES ( 4, 4, 17, 1, 2499.90, 374.99);
INSERT INTO curso_ecommerce.tb_detalhamento_pedido( codigo_pedido, codigo_vendedor, codigo_produto, quantidade_produto, preco_venda, valor_desconto ) VALUES ( 5, 5, 92, 4, 12.90, 2.58);
INSERT INTO curso_ecommerce.tb_detalhamento_pedido( codigo_pedido, codigo_vendedor, codigo_produto, quantidade_produto, preco_venda, valor_desconto ) VALUES ( 6, 6, 143, 6, 4.59, 0.55);
INSERT INTO curso_ecommerce.tb_detalhamento_pedido( codigo_pedido, codigo_vendedor, codigo_produto, quantidade_produto, preco_venda, valor_desconto ) VALUES ( 7, 7, 62, 2, 149.90, 29.98);
INSERT INTO curso_ecommerce.tb_detalhamento_pedido( codigo_pedido, codigo_vendedor, codigo_produto, quantidade_produto, preco_venda, valor_desconto ) VALUES ( 8, 8, 103, 1, 2799.90, 223.99);
INSERT INTO curso_ecommerce.tb_detalhamento_pedido( codigo_pedido, codigo_vendedor, codigo_produto, quantidade_produto, preco_venda, valor_desconto ) VALUES ( 9, 9, 131, 2, 799.90, 191.98);
INSERT INTO curso_ecommerce.tb_detalhamento_pedido( codigo_pedido, codigo_vendedor, codigo_produto, quantidade_produto, preco_venda, valor_desconto ) VALUES ( 10, 10, 48, 3, 89.90, 13.49);
INSERT INTO curso_ecommerce.tb_detalhamento_pedido( codigo_pedido, codigo_vendedor, codigo_produto, quantidade_produto, preco_venda, valor_desconto ) VALUES ( 11, 11, 87, 5, 12.49, 2.50);
INSERT INTO curso_ecommerce.tb_detalhamento_pedido( codigo_pedido, codigo_vendedor, codigo_produto, quantidade_produto, preco_venda, valor_desconto ) VALUES ( 12, 12, 176, 3, 24.90, 2.24);
INSERT INTO curso_ecommerce.tb_detalhamento_pedido( codigo_pedido, codigo_vendedor, codigo_produto, quantidade_produto, preco_venda, valor_desconto ) VALUES ( 13, 13, 35, 1, 1499.90, 224.99);
INSERT INTO curso_ecommerce.tb_detalhamento_pedido( codigo_pedido, codigo_vendedor, codigo_produto, quantidade_produto, preco_venda, valor_desconto ) VALUES ( 14, 14, 169, 8, 5.99, 0.96);
INSERT INTO curso_ecommerce.tb_detalhamento_pedido( codigo_pedido, codigo_vendedor, codigo_produto, quantidade_produto, preco_venda, valor_desconto ) VALUES ( 15, 15, 112, 2, 349.90, 69.98);
INSERT INTO curso_ecommerce.tb_detalhamento_pedido( codigo_pedido, codigo_vendedor, codigo_produto, quantidade_produto, preco_venda, valor_desconto ) VALUES ( 16, 16, 81, 4, 45.99, 5.52);
INSERT INTO curso_ecommerce.tb_detalhamento_pedido( codigo_pedido, codigo_vendedor, codigo_produto, quantidade_produto, preco_venda, valor_desconto ) VALUES ( 17, 17, 127, 2, 299.90, 71.98);
INSERT INTO curso_ecommerce.tb_detalhamento_pedido( codigo_pedido, codigo_vendedor, codigo_produto, quantidade_produto, preco_venda, valor_desconto ) VALUES ( 18, 18, 54, 1, 2399.90, 191.99);
INSERT INTO curso_ecommerce.tb_detalhamento_pedido( codigo_pedido, codigo_vendedor, codigo_produto, quantidade_produto, preco_venda, valor_desconto ) VALUES ( 19, 19, 95, 4, 25.90, 5.18);
INSERT INTO curso_ecommerce.tb_detalhamento_pedido( codigo_pedido, codigo_vendedor, codigo_produto, quantidade_produto, preco_venda, valor_desconto ) VALUES ( 20, 20, 182, 3, 59.90, 17.97);
INSERT INTO curso_ecommerce.tb_detalhamento_pedido( codigo_pedido, codigo_vendedor, codigo_produto, quantidade_produto, preco_venda, valor_desconto ) VALUES ( 21, 1, 25, 1, 1299.90, 129.99);
INSERT INTO curso_ecommerce.tb_detalhamento_pedido( codigo_pedido, codigo_vendedor, codigo_produto, quantidade_produto, preco_venda, valor_desconto ) VALUES ( 22, 2, 78, 4, 119.90, 23.98);
INSERT INTO curso_ecommerce.tb_detalhamento_pedido( codigo_pedido, codigo_vendedor, codigo_produto, quantidade_produto, preco_venda, valor_desconto ) VALUES ( 23, 3, 156, 6, 3.99, 0.72);
INSERT INTO curso_ecommerce.tb_detalhamento_pedido( codigo_pedido, codigo_vendedor, codigo_produto, quantidade_produto, preco_venda, valor_desconto ) VALUES ( 24, 4, 17, 1, 2499.90, 374.99);
INSERT INTO curso_ecommerce.tb_detalhamento_pedido( codigo_pedido, codigo_vendedor, codigo_produto, quantidade_produto, preco_venda, valor_desconto ) VALUES ( 25, 5, 92, 5, 12.90, 3.23);
INSERT INTO curso_ecommerce.tb_detalhamento_pedido( codigo_pedido, codigo_vendedor, codigo_produto, quantidade_produto, preco_venda, valor_desconto ) VALUES ( 26, 6, 143, 7, 4.59, 0.64);
INSERT INTO curso_ecommerce.tb_detalhamento_pedido( codigo_pedido, codigo_vendedor, codigo_produto, quantidade_produto, preco_venda, valor_desconto ) VALUES ( 27, 7, 62, 3, 149.90, 44.97);
INSERT INTO curso_ecommerce.tb_detalhamento_pedido( codigo_pedido, codigo_vendedor, codigo_produto, quantidade_produto, preco_venda, valor_desconto ) VALUES ( 28, 8, 103, 1, 2799.90, 223.99);
INSERT INTO curso_ecommerce.tb_detalhamento_pedido( codigo_pedido, codigo_vendedor, codigo_produto, quantidade_produto, preco_venda, valor_desconto ) VALUES ( 29, 9, 131, 2, 799.90, 191.98);
INSERT INTO curso_ecommerce.tb_detalhamento_pedido( codigo_pedido, codigo_vendedor, codigo_produto, quantidade_produto, preco_venda, valor_desconto ) VALUES ( 30, 10, 48, 4, 89.90, 17.98);
INSERT INTO curso_ecommerce.tb_detalhamento_pedido( codigo_pedido, codigo_vendedor, codigo_produto, quantidade_produto, preco_venda, valor_desconto ) VALUES ( 31, 11, 87, 6, 12.49, 3);
INSERT INTO curso_ecommerce.tb_detalhamento_pedido( codigo_pedido, codigo_vendedor, codigo_produto, quantidade_produto, preco_venda, valor_desconto ) VALUES ( 32, 12, 176, 4, 24.90, 2.99);
INSERT INTO curso_ecommerce.tb_detalhamento_pedido( codigo_pedido, codigo_vendedor, codigo_produto, quantidade_produto, preco_venda, valor_desconto ) VALUES ( 33, 13, 35, 1, 1499.90, 224.99);
INSERT INTO curso_ecommerce.tb_detalhamento_pedido( codigo_pedido, codigo_vendedor, codigo_produto, quantidade_produto, preco_venda, valor_desconto ) VALUES ( 34, 14, 169, 10, 5.99, 1.20);
INSERT INTO curso_ecommerce.tb_detalhamento_pedido( codigo_pedido, codigo_vendedor, codigo_produto, quantidade_produto, preco_venda, valor_desconto ) VALUES ( 35, 15, 112, 3, 349.90, 104.97);
INSERT INTO curso_ecommerce.tb_detalhamento_pedido( codigo_pedido, codigo_vendedor, codigo_produto, quantidade_produto, preco_venda, valor_desconto ) VALUES ( 36, 16, 81, 5, 45.99, 6.90);
INSERT INTO curso_ecommerce.tb_detalhamento_pedido( codigo_pedido, codigo_vendedor, codigo_produto, quantidade_produto, preco_venda, valor_desconto ) VALUES ( 37, 17, 127, 2, 299.90, 71.98);
INSERT INTO curso_ecommerce.tb_detalhamento_pedido( codigo_pedido, codigo_vendedor, codigo_produto, quantidade_produto, preco_venda, valor_desconto ) VALUES ( 38, 18, 54, 1, 2399.90, 191.99);
INSERT INTO curso_ecommerce.tb_detalhamento_pedido( codigo_pedido, codigo_vendedor, codigo_produto, quantidade_produto, preco_venda, valor_desconto ) VALUES ( 39, 19, 95, 5, 25.90, 6.48);
INSERT INTO curso_ecommerce.tb_detalhamento_pedido( codigo_pedido, codigo_vendedor, codigo_produto, quantidade_produto, preco_venda, valor_desconto ) VALUES ( 40, 20, 182, 4, 59.90, 23.96);
INSERT INTO curso_ecommerce.tb_detalhamento_pedido( codigo_pedido, codigo_vendedor, codigo_produto, quantidade_produto, preco_venda, valor_desconto ) VALUES ( 41, 1, 25, 1, 1299.90, 129.99);
INSERT INTO curso_ecommerce.tb_detalhamento_pedido( codigo_pedido, codigo_vendedor, codigo_produto, quantidade_produto, preco_venda, valor_desconto ) VALUES ( 42, 2, 78, 3, 119.90, 17.99);
INSERT INTO curso_ecommerce.tb_detalhamento_pedido( codigo_pedido, codigo_vendedor, codigo_produto, quantidade_produto, preco_venda, valor_desconto ) VALUES ( 43, 3, 156, 7, 3.99, 0.84);
INSERT INTO curso_ecommerce.tb_detalhamento_pedido( codigo_pedido, codigo_vendedor, codigo_produto, quantidade_produto, preco_venda, valor_desconto ) VALUES ( 44, 4, 17, 1, 2499.90, 374.99);
INSERT INTO curso_ecommerce.tb_detalhamento_pedido( codigo_pedido, codigo_vendedor, codigo_produto, quantidade_produto, preco_venda, valor_desconto ) VALUES ( 45, 5, 92, 6, 12.90, 3.87);
INSERT INTO curso_ecommerce.tb_detalhamento_pedido( codigo_pedido, codigo_vendedor, codigo_produto, quantidade_produto, preco_venda, valor_desconto ) VALUES ( 46, 6, 143, 8, 4.59, 0.73);
INSERT INTO curso_ecommerce.tb_detalhamento_pedido( codigo_pedido, codigo_vendedor, codigo_produto, quantidade_produto, preco_venda, valor_desconto ) VALUES ( 47, 7, 62, 3, 149.90, 44.97);
INSERT INTO curso_ecommerce.tb_detalhamento_pedido( codigo_pedido, codigo_vendedor, codigo_produto, quantidade_produto, preco_venda, valor_desconto ) VALUES ( 48, 8, 103, 1, 2799.90, 223.99);
INSERT INTO curso_ecommerce.tb_detalhamento_pedido( codigo_pedido, codigo_vendedor, codigo_produto, quantidade_produto, preco_venda, valor_desconto ) VALUES ( 49, 9, 131, 2, 799.90, 191.98);
INSERT INTO curso_ecommerce.tb_detalhamento_pedido( codigo_pedido, codigo_vendedor, codigo_produto, quantidade_produto, preco_venda, valor_desconto ) VALUES ( 50, 10, 48, 3, 89.90, 13.49);
INSERT INTO curso_ecommerce.tb_detalhamento_pedido( codigo_pedido, codigo_vendedor, codigo_produto, quantidade_produto, preco_venda, valor_desconto ) VALUES ( 51, 11, 87, 7, 12.49, 3.50);
INSERT INTO curso_ecommerce.tb_detalhamento_pedido( codigo_pedido, codigo_vendedor, codigo_produto, quantidade_produto, preco_venda, valor_desconto ) VALUES ( 52, 12, 176, 4, 24.90, 2.99);
INSERT INTO curso_ecommerce.tb_detalhamento_pedido( codigo_pedido, codigo_vendedor, codigo_produto, quantidade_produto, preco_venda, valor_desconto ) VALUES ( 53, 13, 35, 1, 1499.90, 224.99);
INSERT INTO curso_ecommerce.tb_detalhamento_pedido( codigo_pedido, codigo_vendedor, codigo_produto, quantidade_produto, preco_venda, valor_desconto ) VALUES ( 54, 14, 169, 12, 5.99, 1.44);
INSERT INTO curso_ecommerce.tb_detalhamento_pedido( codigo_pedido, codigo_vendedor, codigo_produto, quantidade_produto, preco_venda, valor_desconto ) VALUES ( 55, 15, 112, 3, 349.90, 104.97);
INSERT INTO curso_ecommerce.tb_detalhamento_pedido( codigo_pedido, codigo_vendedor, codigo_produto, quantidade_produto, preco_venda, valor_desconto ) VALUES ( 56, 16, 81, 6, 45.99, 8.28);
INSERT INTO curso_ecommerce.tb_detalhamento_pedido( codigo_pedido, codigo_vendedor, codigo_produto, quantidade_produto, preco_venda, valor_desconto ) VALUES ( 57, 17, 127, 3, 299.90, 107.96);
INSERT INTO curso_ecommerce.tb_detalhamento_pedido( codigo_pedido, codigo_vendedor, codigo_produto, quantidade_produto, preco_venda, valor_desconto ) VALUES ( 58, 18, 54, 1, 2399.90, 191.99);
INSERT INTO curso_ecommerce.tb_detalhamento_pedido( codigo_pedido, codigo_vendedor, codigo_produto, quantidade_produto, preco_venda, valor_desconto ) VALUES ( 59, 19, 95, 6, 25.90, 7.77);
INSERT INTO curso_ecommerce.tb_detalhamento_pedido( codigo_pedido, codigo_vendedor, codigo_produto, quantidade_produto, preco_venda, valor_desconto ) VALUES ( 60, 20, 182, 4, 59.90, 23.96);
INSERT INTO curso_ecommerce.tb_detalhamento_pedido( codigo_pedido, codigo_vendedor, codigo_produto, quantidade_produto, preco_venda, valor_desconto ) VALUES ( 61, 21, 139, 5, 29.90, 11.96);
INSERT INTO curso_ecommerce.tb_detalhamento_pedido( codigo_pedido, codigo_vendedor, codigo_produto, quantidade_produto, preco_venda, valor_desconto ) VALUES ( 62, 22, 49, 4, 119.90, 23.98);
INSERT INTO curso_ecommerce.tb_detalhamento_pedido( codigo_pedido, codigo_vendedor, codigo_produto, quantidade_produto, preco_venda, valor_desconto ) VALUES ( 63, 23, 111, 3, 129.90, 38.97);
INSERT INTO curso_ecommerce.tb_detalhamento_pedido( codigo_pedido, codigo_vendedor, codigo_produto, quantidade_produto, preco_venda, valor_desconto ) VALUES ( 64, 24, 72, 4, 89.90, 28.77);
INSERT INTO curso_ecommerce.tb_detalhamento_pedido( codigo_pedido, codigo_vendedor, codigo_produto, quantidade_produto, preco_venda, valor_desconto ) VALUES ( 65, 25, 19, 2, 399.90, 119.97);
